datetime,product_id,price,qty,customer_id,promotion_id,store_id,po_id,Unnamed: 8,"Rows: 2,000"
2024-01-01 00:00:00,PRD002,188.07,3,CUS0089,,ST003,PO0061,,
2024-01-01 00:00:00,PRD027,156.88,2,CUS0007,,ST004,PO0081,,
2024-01-01 00:00:00,PRD012,167.72,6,CUS0162,,ST005,PO0048,,
2024-01-01 00:00:00,PRD013,143.06,5,CUS0016,,ST005,PO0069,,
2024-01-02 00:00:00,PRD024,36.8,4,CUS0178,,ST002,PO0060,,
2024-01-02 00:00:00,PRD007,22.0,7,CUS0023,,ST003,PO0106,,
2024-01-02 00:00:00,PRD016,205.22,7,CUS0056,,ST003,PO0119,,
2024-01-02 00:00:00,PRD001,67.45,1,CUS0004,,ST002,PO0006,,
2024-01-02 00:00:00,PRD018,204.37,8,CUS0002,,ST001,PO0087,,
2024-01-02 00:00:00,PRD020,94.96,6,CUS0091,,ST006,PO0103,,
2024-01-03 00:00:00,PRD005,35.43,5,CUS0012,,ST006,PO0109,,
2024-01-03 00:00:00,PRD030,141.01,7,CUS0030,,ST001,PO0022,,
2024-01-03 00:00:00,PRD009,133.76,6,CUS0185,,ST002,PO0052,,
2024-01-03 00:00:00,PRD003,174.02,6,CUS0064,,ST002,PO0092,,
2024-01-03 00:00:00,PRD003,174.02,2,CUS0038,,ST004,PO0119,,
2024-01-03 00:00:00,PRD003,174.02,6,CUS0166,,ST006,PO0038,,
2024-01-03 00:00:00,PRD002,188.07,5,CUS0045,,ST004,PO0065,,
2024-01-03 00:00:00,PRD021,51.54,8,CUS0081,,ST001,PO0006,,
2024-01-04 00:00:00,PRD006,114.15,7,CUS0004,,ST001,PO0068,,
2024-01-04 00:00:00,PRD019,179.06,2,CUS0054,,ST006,PO0081,,
2024-01-04 00:00:00,PRD003,174.02,7,CUS0036,,ST006,PO0030,,
2024-01-04 00:00:00,PRD028,204.68,7,CUS0155,,ST005,PO0098,,
2024-01-04 00:00:00,PRD019,179.06,6,CUS0003,,ST001,PO0046,,
2024-01-04 00:00:00,PRD022,239.95,4,CUS0122,,ST003,PO0037,,
2024-01-05 00:00:00,PRD016,205.22,3,CUS0113,,ST003,PO0093,,
2024-01-05 00:00:00,PRD021,51.54,6,CUS0001,,ST006,PO0049,,
2024-01-05 00:00:00,PRD004,224.66,6,CUS0052,,ST003,PO0073,,
2024-01-06 00:00:00,PRD003,174.02,7,CUS0040,,ST004,PO0046,,
2024-01-06 00:00:00,PRD026,214.16,2,CUS0032,,ST005,PO0027,,
2024-01-06 00:00:00,PRD010,21.24,7,CUS0049,,ST005,PO0026,,
2024-01-06 00:00:00,PRD028,204.68,2,CUS0022,,ST003,PO0041,,
2024-01-07 00:00:00,PRD010,21.24,8,CUS0126,,ST004,PO0119,,
2024-01-07 00:00:00,PRD029,186.49,9,CUS0029,,ST004,PO0020,,
2024-01-07 00:00:00,PRD024,36.8,1,CUS0028,,ST005,PO0095,,
2024-01-07 00:00:00,PRD003,174.02,2,CUS0029,,ST005,PO0086,,
2024-01-07 00:00:00,PRD007,22.0,5,CUS0014,,ST006,PO0107,,
2024-01-07 00:00:00,PRD011,61.73,2,CUS0197,,ST006,PO0032,,
2024-01-08 00:00:00,PRD025,37.73,8,CUS0056,,ST003,PO0054,,
2024-01-09 00:00:00,PRD020,94.96,4,CUS0007,,ST002,PO0062,,
2024-01-09 00:00:00,PRD001,67.45,4,CUS0134,,ST005,PO0088,,
2024-01-10 00:00:00,PRD020,94.96,3,CUS0148,,ST004,PO0028,,
2024-01-10 00:00:00,PRD007,22.0,2,CUS0104,,ST004,PO0005,,
2024-01-10 00:00:00,PRD008,66.38,5,CUS0142,,ST005,PO0087,,
2024-01-10 00:00:00,PRD017,16.53,5,CUS0022,,ST002,PO0058,,
2024-01-10 00:00:00,PRD020,94.96,7,CUS0183,,ST003,PO0062,,
2024-01-10 00:00:00,PRD013,143.06,1,CUS0149,,ST005,PO0052,,
2024-01-10 00:00:00,PRD003,174.02,6,CUS0199,,ST005,PO0031,,
2024-01-10 00:00:00,PRD011,61.73,2,CUS0046,,ST003,PO0016,,
2024-01-11 00:00:00,PRD011,61.73,4,CUS0042,,ST004,PO0100,,
2024-01-11 00:00:00,PRD019,179.06,1,CUS0027,,ST005,PO0038,,
2024-01-11 00:00:00,PRD006,114.15,5,CUS0175,,ST006,PO0046,,
2024-01-11 00:00:00,PRD008,66.38,1,CUS0022,,ST003,PO0078,,
2024-01-11 00:00:00,PRD028,204.68,8,CUS0001,,ST003,PO0118,,
2024-01-11 00:00:00,PRD023,94.1,7,CUS0092,,ST006,PO0018,,
2024-01-11 00:00:00,PRD014,66.8,3,CUS0040,,ST003,PO0065,,
2024-01-12 00:00:00,PRD015,153.48,3,CUS0187,,ST002,PO0085,,
2024-01-12 00:00:00,PRD019,179.06,7,CUS0066,,ST001,PO0096,,
2024-01-12 00:00:00,PRD018,204.37,6,CUS0054,,ST006,PO0069,,
2024-01-12 00:00:00,PRD007,22.0,4,CUS0134,,ST006,PO0043,,
2024-01-13 00:00:00,PRD028,204.68,8,CUS0065,,ST002,PO0014,,
2024-01-13 00:00:00,PRD023,94.1,5,CUS0177,,ST004,PO0010,,
2024-01-13 00:00:00,PRD001,67.45,7,CUS0044,,ST003,PO0079,,
2024-01-14 00:00:00,PRD025,37.73,1,CUS0077,,ST004,PO0013,,
2024-01-14 00:00:00,PRD019,179.06,11,CUS0133,,ST003,PO0076,,
2024-01-15 00:00:00,PRD021,51.54,2,CUS0038,,ST006,PO0036,,
2024-01-15 00:00:00,PRD019,179.06,3,CUS0084,,ST004,PO0099,,
2024-01-15 00:00:00,PRD012,167.72,2,CUS0057,,ST002,PO0110,,
2024-01-15 00:00:00,PRD013,143.06,5,CUS0072,,ST006,PO0071,,
2024-01-15 00:00:00,PRD003,174.02,3,CUS0124,,ST004,PO0015,,
2024-01-16 00:00:00,PRD029,186.49,2,CUS0037,,ST003,PO0057,,
2024-01-16 00:00:00,PRD002,188.07,6,CUS0097,,ST006,PO0069,,
2024-01-16 00:00:00,PRD030,141.01,7,CUS0175,,ST004,PO0023,,
2024-01-16 00:00:00,PRD012,167.72,2,CUS0122,,ST001,PO0045,,
2024-01-17 00:00:00,PRD029,186.49,7,CUS0196,,ST001,PO0119,,
2024-01-17 00:00:00,PRD026,214.16,4,CUS0028,,ST004,PO0025,,
2024-01-17 00:00:00,PRD015,153.48,1,CUS0121,,ST001,PO0117,,
2024-01-17 00:00:00,PRD023,94.1,5,CUS0058,,ST005,PO0037,,
2024-01-17 00:00:00,PRD026,214.16,3,CUS0081,,ST001,PO0027,,
2024-01-17 00:00:00,PRD021,51.54,7,CUS0031,,ST004,PO0058,,
2024-01-17 00:00:00,PRD001,67.45,1,CUS0072,,ST002,PO0015,,
2024-01-17 00:00:00,PRD030,141.01,2,CUS0104,,ST004,PO0049,,
2024-01-17 00:00:00,PRD013,143.06,3,CUS0143,,ST006,PO0111,,
2024-01-17 00:00:00,PRD024,36.8,3,CUS0171,,ST002,PO0062,,
2024-01-17 00:00:00,PRD008,66.38,6,CUS0021,,ST002,PO0008,,
2024-01-17 00:00:00,PRD009,133.76,3,CUS0040,,ST003,PO0073,,
2024-01-17 00:00:00,PRD007,22.0,8,CUS0007,,ST002,PO0026,,
2024-01-17 00:00:00,PRD026,214.16,5,CUS0085,,ST001,PO0007,,
2024-01-18 00:00:00,PRD022,239.95,5,CUS0021,,ST004,PO0061,,
2024-01-18 00:00:00,PRD019,179.06,5,CUS0006,,ST003,PO0034,,
2024-01-19 00:00:00,PRD029,186.49,4,CUS0007,,ST006,PO0076,,
2024-01-19 00:00:00,PRD020,94.96,3,CUS0148,,ST001,PO0081,,
2024-01-19 00:00:00,PRD024,36.8,4,CUS0057,,ST002,PO0058,,
2024-01-19 00:00:00,PRD017,16.53,4,CUS0041,,ST003,PO0018,,
2024-01-19 00:00:00,PRD004,224.66,6,CUS0062,,ST006,PO0001,,
2024-01-19 00:00:00,PRD027,156.88,7,CUS0058,,ST003,PO0032,,
2024-01-20 00:00:00,PRD005,35.43,9,CUS0069,,ST002,PO0090,,
2024-01-20 00:00:00,PRD002,188.07,7,CUS0042,,ST002,PO0088,,
2024-01-20 00:00:00,PRD029,186.49,9,CUS0021,,ST001,PO0118,,
2024-01-21 00:00:00,PRD029,186.49,4,CUS0015,,ST002,PO0034,,
2024-01-21 00:00:00,PRD014,66.8,4,CUS0072,,ST002,PO0035,,
2024-01-21 00:00:00,PRD018,204.37,1,CUS0102,,ST005,PO0037,,
2024-01-22 00:00:00,PRD008,66.38,2,CUS0065,,ST004,PO0082,,
2024-01-22 00:00:00,PRD001,67.45,7,CUS0185,,ST003,PO0051,,
2024-01-22 00:00:00,PRD023,94.1,8,CUS0177,,ST005,PO0020,,
2024-01-22 00:00:00,PRD026,214.16,6,CUS0148,,ST002,PO0057,,
2024-01-23 00:00:00,PRD009,133.76,3,CUS0046,,ST004,PO0068,,
2024-01-23 00:00:00,PRD023,94.1,3,CUS0086,,ST005,PO0112,,
2024-01-23 00:00:00,PRD009,133.76,2,CUS0006,,ST003,PO0083,,
2024-01-23 00:00:00,PRD014,66.8,4,CUS0013,,ST003,PO0118,,
2024-01-23 00:00:00,PRD023,94.1,7,CUS0193,,ST003,PO0102,,
2024-01-23 00:00:00,PRD008,66.38,1,CUS0033,,ST003,PO0075,,
2024-01-23 00:00:00,PRD016,205.22,4,CUS0010,,ST002,PO0019,,
2024-01-24 00:00:00,PRD001,67.45,5,CUS0075,,ST004,PO0094,,
2024-01-24 00:00:00,PRD028,204.68,6,CUS0090,,ST005,PO0104,,
2024-01-24 00:00:00,PRD030,141.01,3,CUS0086,,ST001,PO0016,,
2024-01-24 00:00:00,PRD006,114.15,3,CUS0094,,ST003,PO0104,,
2024-01-24 00:00:00,PRD006,114.15,2,CUS0134,,ST006,PO0096,,
2024-01-24 00:00:00,PRD016,205.22,2,CUS0092,,ST005,PO0014,,
2024-01-24 00:00:00,PRD011,61.73,2,CUS0131,,ST004,PO0053,,
2024-01-24 00:00:00,PRD015,153.48,5,CUS0039,,ST006,PO0112,,
2024-01-25 00:00:00,PRD030,141.01,6,CUS0024,,ST003,PO0002,,
2024-01-25 00:00:00,PRD010,21.24,3,CUS0082,,ST004,PO0024,,
2024-01-25 00:00:00,PRD022,239.95,1,CUS0026,,ST006,PO0101,,
2024-01-25 00:00:00,PRD002,188.07,7,CUS0150,,ST004,PO0119,,
2024-01-26 00:00:00,PRD029,186.49,4,CUS0141,,ST006,PO0049,,
2024-01-26 00:00:00,PRD026,214.16,6,CUS0181,,ST002,PO0036,,
2024-01-26 00:00:00,PRD001,67.45,5,CUS0067,,ST002,PO0004,,
2024-01-26 00:00:00,PRD013,143.06,3,CUS0147,,ST002,PO0110,,
2024-01-27 00:00:00,PRD010,21.24,8,CUS0055,,ST003,PO0061,,
2024-01-27 00:00:00,PRD029,186.49,2,CUS0099,,ST003,PO0060,,
2024-01-27 00:00:00,PRD021,51.54,7,CUS0189,,ST005,PO0004,,
2024-01-27 00:00:00,PRD011,61.73,7,CUS0029,,ST003,PO0047,,
2024-01-27 00:00:00,PRD016,205.22,7,CUS0126,,ST005,PO0071,,
2024-01-27 00:00:00,PRD008,66.38,4,CUS0058,,ST005,PO0006,,
2024-01-27 00:00:00,PRD009,133.76,8,CUS0111,,ST004,PO0036,,
2024-01-27 00:00:00,PRD020,94.96,4,CUS0041,,ST001,PO0063,,
2024-01-27 00:00:00,PRD008,66.38,4,CUS0162,,ST004,PO0102,,
2024-01-27 00:00:00,PRD020,94.96,5,CUS0054,,ST005,PO0015,,
2024-01-28 00:00:00,PRD023,94.1,13,CUS0168,,ST001,PO0009,,
2024-01-28 00:00:00,PRD015,153.48,4,CUS0036,,ST002,PO0044,,
2024-01-28 00:00:00,PRD030,141.01,2,CUS0121,,ST002,PO0065,,
2024-01-28 00:00:00,PRD016,205.22,10,CUS0123,,ST005,PO0005,,
2024-01-28 00:00:00,PRD011,61.73,2,CUS0128,,ST006,PO0004,,
2024-01-28 00:00:00,PRD002,188.07,6,CUS0117,,ST003,PO0072,,
2024-01-28 00:00:00,PRD004,224.66,1,CUS0198,,ST004,PO0068,,
2024-01-28 00:00:00,PRD022,239.95,8,CUS0135,,ST001,PO0041,,
2024-01-28 00:00:00,PRD012,167.72,6,CUS0065,,ST005,PO0050,,
2024-01-28 00:00:00,PRD010,21.24,4,CUS0119,,ST006,PO0058,,
2024-01-28 00:00:00,PRD030,141.01,8,CUS0033,,ST005,PO0075,,
2024-01-29 00:00:00,PRD016,205.22,2,CUS0094,,ST005,PO0110,,
2024-01-29 00:00:00,PRD002,188.07,6,CUS0171,,ST006,PO0085,,
2024-01-29 00:00:00,PRD025,37.73,7,CUS0010,,ST002,PO0110,,
2024-01-29 00:00:00,PRD028,204.68,3,CUS0129,,ST003,PO0030,,
2024-01-29 00:00:00,PRD007,22.0,7,CUS0102,,ST002,PO0092,,
2024-01-29 00:00:00,PRD027,156.88,6,CUS0145,,ST006,PO0087,,
2024-01-30 00:00:00,PRD019,179.06,2,CUS0147,,ST006,PO0081,,
2024-01-30 00:00:00,PRD008,66.38,3,CUS0082,,ST004,PO0113,,
2024-01-30 00:00:00,PRD014,66.8,2,CUS0191,,ST003,PO0071,,
2024-01-31 00:00:00,PRD028,204.68,7,CUS0166,,ST002,PO0090,,
2024-01-31 00:00:00,PRD006,114.15,4,CUS0094,,ST004,PO0019,,
2024-01-31 00:00:00,PRD007,22.0,9,CUS0070,,ST005,PO0033,,
2024-01-31 00:00:00,PRD006,114.15,1,CUS0155,,ST002,PO0065,,
2024-01-31 00:00:00,PRD020,94.96,1,CUS0086,,ST002,PO0061,,
2024-01-31 00:00:00,PRD020,94.96,6,CUS0168,,ST002,PO0090,,
2024-02-01 00:00:00,PRD014,66.8,4,CUS0190,,ST004,PO0064,,
2024-02-01 00:00:00,PRD007,22.0,3,CUS0161,,ST006,PO0055,,
2024-02-01 00:00:00,PRD002,188.07,8,CUS0149,,ST002,PO0074,,
2024-02-01 00:00:00,PRD011,61.73,5,CUS0193,,ST001,PO0086,,
2024-02-01 00:00:00,PRD007,22.0,4,CUS0147,,ST005,PO0020,,
2024-02-01 00:00:00,PRD001,67.45,7,CUS0100,,ST003,PO0008,,
2024-02-01 00:00:00,PRD002,188.07,7,CUS0034,,ST004,PO0028,,
2024-02-01 00:00:00,PRD011,61.73,5,CUS0100,,ST001,PO0072,,
2024-02-01 00:00:00,PRD008,66.38,3,CUS0193,,ST006,PO0086,,
2024-02-01 00:00:00,PRD014,66.8,5,CUS0053,,ST005,PO0005,,
2024-02-02 00:00:00,PRD019,179.06,6,CUS0008,,ST005,PO0031,,
2024-02-02 00:00:00,PRD023,94.1,5,CUS0095,,ST002,PO0006,,
2024-02-02 00:00:00,PRD008,66.38,7,CUS0049,,ST004,PO0014,,
2024-02-02 00:00:00,PRD030,141.01,2,CUS0008,,ST004,PO0056,,
2024-02-02 00:00:00,PRD023,94.1,4,CUS0106,,ST003,PO0106,,
2024-02-03 00:00:00,PRD016,205.22,4,CUS0067,,ST005,PO0110,,
2024-02-03 00:00:00,PRD026,214.16,8,CUS0108,,ST005,PO0094,,
2024-02-04 00:00:00,PRD016,205.22,1,CUS0106,,ST001,PO0068,,
2024-02-04 00:00:00,PRD005,35.43,1,CUS0107,,ST004,PO0074,,
2024-02-04 00:00:00,PRD024,36.8,9,CUS0163,,ST002,PO0087,,
2024-02-04 00:00:00,PRD006,114.15,2,CUS0100,,ST005,PO0051,,
2024-02-04 00:00:00,PRD023,94.1,4,CUS0003,,ST002,PO0065,,
2024-02-05 00:00:00,PRD008,66.38,3,CUS0019,,ST004,PO0032,,
2024-02-05 00:00:00,PRD009,133.76,4,CUS0082,,ST004,PO0058,,
2024-02-05 00:00:00,PRD022,239.95,4,CUS0001,,ST004,PO0089,,
2024-02-05 00:00:00,PRD008,66.38,3,CUS0035,,ST003,PO0015,,
2024-02-05 00:00:00,PRD006,114.15,8,CUS0009,,ST003,PO0053,,
2024-02-05 00:00:00,PRD010,21.24,7,CUS0073,,ST002,PO0030,,
2024-02-05 00:00:00,PRD016,205.22,3,CUS0116,,ST003,PO0105,,
2024-02-06 00:00:00,PRD017,16.53,1,CUS0093,,ST003,PO0017,,
2024-02-06 00:00:00,PRD010,21.24,5,CUS0199,,ST004,PO0003,,
2024-02-06 00:00:00,PRD013,143.06,5,CUS0137,,ST004,PO0052,,
2024-02-06 00:00:00,PRD027,156.88,6,CUS0010,,ST005,PO0026,,
2024-02-06 00:00:00,PRD010,21.24,5,CUS0020,,ST002,PO0067,,
2024-02-08 00:00:00,PRD009,133.76,5,CUS0140,,ST005,PO0085,,
2024-02-08 00:00:00,PRD002,188.07,1,CUS0017,,ST002,PO0116,,
2024-02-08 00:00:00,PRD023,94.1,5,CUS0067,,ST004,PO0084,,
2024-02-09 00:00:00,PRD008,66.38,2,CUS0034,,ST001,PO0062,,
2024-02-09 00:00:00,PRD012,167.72,5,CUS0130,,ST003,PO0056,,
2024-02-09 00:00:00,PRD012,167.72,3,CUS0152,,ST002,PO0067,,
2024-02-09 00:00:00,PRD013,143.06,5,CUS0065,,ST002,PO0079,,
2024-02-09 00:00:00,PRD003,174.02,5,CUS0032,,ST005,PO0015,,
2024-02-09 00:00:00,PRD007,22.0,4,CUS0024,,ST002,PO0074,,
2024-02-09 00:00:00,PRD028,204.68,8,CUS0120,,ST002,PO0038,,
2024-02-09 00:00:00,PRD014,66.8,4,CUS0089,,ST003,PO0022,,
2024-02-10 00:00:00,PRD012,167.72,11,CUS0077,,ST002,PO0017,,
2024-02-10 00:00:00,PRD002,188.07,1,CUS0063,,ST005,PO0036,,
2024-02-10 00:00:00,PRD015,153.48,5,CUS0020,,ST001,PO0073,,
2024-02-10 00:00:00,PRD011,61.73,9,CUS0158,,ST003,PO0060,,
2024-02-10 00:00:00,PRD016,205.22,5,CUS0040,,ST005,PO0042,,
2024-02-11 00:00:00,PRD013,143.06,5,CUS0109,,ST002,PO0107,,
2024-02-11 00:00:00,PRD028,204.68,9,CUS0046,,ST003,PO0010,,
2024-02-12 00:00:00,PRD014,66.8,7,CUS0064,,ST005,PO0020,,
2024-02-12 00:00:00,PRD006,114.15,5,CUS0037,,ST006,PO0077,,
2024-02-12 00:00:00,PRD001,67.45,2,CUS0068,,ST005,PO0020,,
2024-02-12 00:00:00,PRD015,153.48,4,CUS0183,,ST004,PO0018,,
2024-02-12 00:00:00,PRD005,35.43,4,CUS0037,,ST003,PO0070,,
2024-02-12 00:00:00,PRD028,204.68,2,CUS0126,,ST006,PO0086,,
2024-02-12 00:00:00,PRD018,204.37,1,CUS0178,,ST006,PO0053,,
2024-02-12 00:00:00,PRD024,36.8,5,CUS0153,,ST005,PO0020,,
2024-02-12 00:00:00,PRD011,61.73,5,CUS0129,,ST005,PO0070,,
2024-02-12 00:00:00,PRD006,114.15,3,CUS0072,,ST001,PO0040,,
2024-02-12 00:00:00,PRD003,174.02,7,CUS0181,,ST003,PO0041,,
2024-02-13 00:00:00,PRD022,239.95,6,CUS0049,,ST004,PO0099,,
2024-02-13 00:00:00,PRD016,205.22,2,CUS0130,,ST002,PO0082,,
2024-02-13 00:00:00,PRD017,16.53,3,CUS0193,,ST001,PO0038,,
2024-02-13 00:00:00,PRD023,94.1,2,CUS0190,,ST001,PO0032,,
2024-02-13 00:00:00,PRD002,188.07,7,CUS0080,,ST002,PO0032,,
2024-02-13 00:00:00,PRD023,94.1,2,CUS0079,,ST001,PO0044,,
2024-02-13 00:00:00,PRD006,114.15,6,CUS0103,,ST005,PO0006,,
2024-02-13 00:00:00,PRD018,204.37,7,CUS0129,,ST004,PO0100,,
2024-02-14 00:00:00,PRD016,205.22,5,CUS0173,,ST005,PO0112,,
2024-02-14 00:00:00,PRD007,22.0,3,CUS0054,,ST003,PO0061,,
2024-02-15 00:00:00,PRD007,22.0,3,CUS0079,,ST004,PO0087,,
2024-02-15 00:00:00,PRD015,153.48,6,CUS0086,,ST003,PO0019,,
2024-02-15 00:00:00,PRD006,114.15,4,CUS0091,,ST002,PO0096,,
2024-02-15 00:00:00,PRD007,22.0,5,CUS0107,,ST006,PO0104,,
2024-02-16 00:00:00,PRD008,66.38,8,CUS0015,,ST004,PO0017,,
2024-02-16 00:00:00,PRD028,204.68,1,CUS0108,,ST001,PO0002,,
2024-02-16 00:00:00,PRD006,114.15,4,CUS0092,,ST004,PO0066,,
2024-02-16 00:00:00,PRD022,239.95,2,CUS0047,,ST005,PO0115,,
2024-02-16 00:00:00,PRD011,61.73,5,CUS0186,,ST005,PO0118,,
2024-02-16 00:00:00,PRD014,66.8,6,CUS0195,,ST006,PO0008,,
2024-02-16 00:00:00,PRD012,167.72,1,CUS0060,,ST005,PO0029,,
2024-02-16 00:00:00,PRD030,141.01,1,CUS0098,,ST004,PO0068,,
2024-02-16 00:00:00,PRD008,66.38,2,CUS0181,,ST004,PO0082,,
2024-02-16 00:00:00,PRD009,133.76,7,CUS0094,,ST005,PO0002,,
2024-02-17 00:00:00,PRD019,179.06,1,CUS0132,,ST003,PO0060,,
2024-02-17 00:00:00,PRD001,67.45,8,CUS0153,,ST005,PO0115,,
2024-02-17 00:00:00,PRD001,67.45,11,CUS0163,,ST006,PO0090,,
2024-02-17 00:00:00,PRD006,114.15,9,CUS0033,,ST006,PO0028,,
2024-02-17 00:00:00,PRD028,204.68,9,CUS0102,,ST006,PO0076,,
2024-02-18 00:00:00,PRD021,51.54,4,CUS0099,,ST004,PO0083,,
2024-02-18 00:00:00,PRD026,214.16,11,CUS0170,,ST006,PO0073,,
2024-02-18 00:00:00,PRD014,66.8,1,CUS0003,,ST002,PO0085,,
2024-02-19 00:00:00,PRD012,167.72,2,CUS0172,,ST003,PO0104,,
2024-02-19 00:00:00,PRD001,67.45,6,CUS0111,,ST005,PO0118,,
2024-02-19 00:00:00,PRD028,204.68,1,CUS0175,,ST005,PO0099,,
2024-02-19 00:00:00,PRD011,61.73,3,CUS0062,,ST002,PO0080,,
2024-02-19 00:00:00,PRD027,156.88,7,CUS0060,,ST005,PO0101,,
2024-02-19 00:00:00,PRD014,66.8,3,CUS0198,,ST005,PO0069,,
2024-02-19 00:00:00,PRD028,204.68,2,CUS0186,,ST002,PO0069,,
2024-02-20 00:00:00,PRD027,156.88,3,CUS0053,,ST006,PO0005,,
2024-02-20 00:00:00,PRD012,167.72,5,CUS0168,,ST005,PO0051,,
2024-02-20 00:00:00,PRD029,186.49,1,CUS0136,,ST002,PO0092,,
2024-02-20 00:00:00,PRD019,179.06,3,CUS0166,,ST003,PO0043,,
2024-02-20 00:00:00,PRD015,153.48,4,CUS0130,,ST006,PO0061,,
2024-02-20 00:00:00,PRD016,205.22,2,CUS0140,,ST005,PO0044,,
2024-02-20 00:00:00,PRD006,114.15,1,CUS0147,,ST006,PO0108,,
2024-02-20 00:00:00,PRD003,174.02,6,CUS0017,,ST006,PO0117,,
2024-02-21 00:00:00,PRD020,94.96,5,CUS0138,,ST003,PO0113,,
2024-02-21 00:00:00,PRD030,141.01,5,CUS0165,,ST002,PO0059,,
2024-02-21 00:00:00,PRD012,167.72,5,CUS0061,,ST005,PO0056,,
2024-02-21 00:00:00,PRD010,21.24,5,CUS0160,,ST005,PO0090,,
2024-02-21 00:00:00,PRD003,174.02,4,CUS0196,,ST005,PO0084,,
2024-02-21 00:00:00,PRD017,16.53,7,CUS0127,,ST003,PO0031,,
2024-02-21 00:00:00,PRD013,143.06,3,CUS0179,,ST003,PO0065,,
2024-02-22 00:00:00,PRD007,22.0,5,CUS0069,,ST002,PO0092,,
2024-02-22 00:00:00,PRD013,143.06,5,CUS0092,,ST001,PO0079,,
2024-02-22 00:00:00,PRD003,174.02,3,CUS0065,,ST001,PO0077,,
2024-02-22 00:00:00,PRD030,141.01,2,CUS0017,,ST004,PO0071,,
2024-02-22 00:00:00,PRD017,16.53,7,CUS0037,,ST001,PO0117,,
2024-02-22 00:00:00,PRD018,204.37,2,CUS0081,,ST003,PO0113,,
2024-02-22 00:00:00,PRD008,66.38,4,CUS0139,,ST003,PO0071,,
2024-02-22 00:00:00,PRD019,179.06,3,CUS0049,,ST005,PO0081,,
2024-02-23 00:00:00,PRD026,214.16,3,CUS0047,,ST005,PO0052,,
2024-02-23 00:00:00,PRD001,67.45,3,CUS0162,,ST001,PO0112,,
2024-02-23 00:00:00,PRD013,143.06,2,CUS0093,,ST005,PO0100,,
2024-02-23 00:00:00,PRD011,61.73,2,CUS0088,,ST002,PO0114,,
2024-02-23 00:00:00,PRD011,61.73,5,CUS0128,,ST006,PO0048,,
2024-02-23 00:00:00,PRD017,16.53,8,CUS0011,,ST004,PO0029,,
2024-02-23 00:00:00,PRD020,94.96,8,CUS0090,,ST002,PO0093,,
2024-02-23 00:00:00,PRD008,66.38,5,CUS0107,,ST001,PO0015,,
2024-02-24 00:00:00,PRD011,61.73,9,CUS0014,,ST001,PO0055,,
2024-02-24 00:00:00,PRD030,141.01,2,CUS0129,,ST003,PO0044,,
2024-02-24 00:00:00,PRD024,36.8,11,CUS0051,,ST005,PO0026,,
2024-02-24 00:00:00,PRD011,61.73,8,CUS0125,,ST001,PO0114,,
2024-02-24 00:00:00,PRD028,204.68,8,CUS0040,,ST001,PO0011,,
2024-02-24 00:00:00,PRD007,22.0,2,CUS0123,,ST005,PO0112,,
2024-02-24 00:00:00,PRD016,205.22,2,CUS0021,,ST006,PO0085,,
2024-02-24 00:00:00,PRD025,37.73,1,CUS0098,,ST002,PO0007,,
2024-02-25 00:00:00,PRD024,36.8,9,CUS0046,,ST002,PO0087,,
2024-02-25 00:00:00,PRD005,35.43,4,CUS0071,,ST001,PO0090,,
2024-02-25 00:00:00,PRD010,21.24,4,CUS0190,,ST002,PO0067,,
2024-02-25 00:00:00,PRD019,179.06,1,CUS0013,,ST006,PO0015,,
2024-02-25 00:00:00,PRD010,21.24,1,CUS0013,,ST004,PO0057,,
2024-02-25 00:00:00,PRD004,224.66,1,CUS0075,,ST006,PO0050,,
2024-02-26 00:00:00,PRD023,94.1,4,CUS0073,,ST001,PO0018,,
2024-02-26 00:00:00,PRD002,188.07,3,CUS0064,,ST005,PO0092,,
2024-02-26 00:00:00,PRD009,120.38,8,CUS0127,PROMO008,ST002,PO0071,,
2024-02-27 00:00:00,PRD003,174.02,8,CUS0044,,ST001,PO0029,,
2024-02-27 00:00:00,PRD010,21.24,3,CUS0152,,ST006,PO0020,,
2024-02-27 00:00:00,PRD023,94.1,7,CUS0109,,ST003,PO0045,,
2024-02-27 00:00:00,PRD028,204.68,4,CUS0128,,ST006,PO0077,,
2024-02-28 00:00:00,PRD004,224.66,4,CUS0031,,ST005,PO0029,,
2024-02-28 00:00:00,PRD024,36.8,7,CUS0115,,ST002,PO0116,,
2024-02-28 00:00:00,PRD023,94.1,1,CUS0160,,ST005,PO0066,,
2024-02-28 00:00:00,PRD005,35.43,9,CUS0189,,ST005,PO0112,,
2024-02-28 00:00:00,PRD021,51.54,6,CUS0180,,ST002,PO0086,,
2024-02-29 00:00:00,PRD013,143.06,3,CUS0040,,ST006,PO0090,,
2024-02-29 00:00:00,PRD013,143.06,6,CUS0023,,ST001,PO0012,,
2024-02-29 00:00:00,PRD011,61.73,8,CUS0073,,ST004,PO0077,,
2024-02-29 00:00:00,PRD027,156.88,1,CUS0043,,ST004,PO0052,,
2024-02-29 00:00:00,PRD022,239.95,6,CUS0138,,ST005,PO0033,,
2024-02-29 00:00:00,PRD009,120.38,7,CUS0159,PROMO008,ST002,PO0058,,
2024-03-01 00:00:00,PRD014,66.8,2,CUS0159,,ST003,PO0111,,
2024-03-01 00:00:00,PRD028,204.68,4,CUS0054,,ST006,PO0076,,
2024-03-01 00:00:00,PRD015,153.48,2,CUS0124,,ST006,PO0017,,
2024-03-01 00:00:00,PRD004,224.66,4,CUS0079,,ST001,PO0024,,
2024-03-01 00:00:00,PRD025,37.73,4,CUS0158,,ST004,PO0053,,
2024-03-01 00:00:00,PRD016,205.22,3,CUS0154,,ST006,PO0024,,
2024-03-01 00:00:00,PRD022,239.95,3,CUS0097,,ST006,PO0004,,
2024-03-01 00:00:00,PRD010,21.24,5,CUS0039,,ST002,PO0036,,
2024-03-02 00:00:00,PRD029,186.49,9,CUS0136,,ST003,PO0053,,
2024-03-02 00:00:00,PRD005,35.43,8,CUS0147,,ST003,PO0006,,
2024-03-02 00:00:00,PRD012,167.72,5,CUS0192,,ST006,PO0109,,
2024-03-02 00:00:00,PRD012,167.72,7,CUS0126,,ST004,PO0095,,
2024-03-02 00:00:00,PRD029,186.49,2,CUS0041,,ST006,PO0039,,
2024-03-02 00:00:00,PRD026,214.16,5,CUS0055,,ST001,PO0046,,
2024-03-03 00:00:00,PRD001,67.45,11,CUS0127,,ST003,PO0067,,
2024-03-03 00:00:00,PRD027,156.88,7,CUS0085,,ST005,PO0053,,
2024-03-03 00:00:00,PRD013,143.06,7,CUS0126,,ST004,PO0030,,
2024-03-04 00:00:00,PRD007,22.0,1,CUS0062,,ST003,PO0063,,
2024-03-04 00:00:00,PRD005,35.43,5,CUS0094,,ST005,PO0022,,
2024-03-04 00:00:00,PRD029,186.49,5,CUS0107,,ST002,PO0063,,
2024-03-04 00:00:00,PRD021,51.54,7,CUS0090,,ST004,PO0041,,
2024-03-04 00:00:00,PRD005,35.43,1,CUS0194,,ST006,PO0016,,
2024-03-04 00:00:00,PRD003,174.02,5,CUS0061,,ST006,PO0055,,
2024-03-04 00:00:00,PRD010,21.24,2,CUS0016,,ST001,PO0049,,
2024-03-05 00:00:00,PRD011,61.73,5,CUS0146,,ST004,PO0058,,
2024-03-05 00:00:00,PRD016,205.22,2,CUS0045,,ST005,PO0071,,
2024-03-05 00:00:00,PRD004,224.66,4,CUS0034,,ST001,PO0055,,
2024-03-05 00:00:00,PRD022,239.95,5,CUS0055,,ST001,PO0066,,
2024-03-06 00:00:00,PRD001,67.45,8,CUS0183,,ST004,PO0017,,
2024-03-06 00:00:00,PRD012,167.72,3,CUS0197,,ST004,PO0046,,
2024-03-06 00:00:00,PRD027,156.88,4,CUS0168,,ST002,PO0012,,
2024-03-06 00:00:00,PRD015,153.48,2,CUS0100,,ST006,PO0077,,
2024-03-06 00:00:00,PRD023,94.1,5,CUS0189,,ST001,PO0064,,
2024-03-07 00:00:00,PRD027,156.88,6,CUS0093,,ST006,PO0104,,
2024-03-07 00:00:00,PRD026,214.16,1,CUS0121,,ST006,PO0007,,
2024-03-07 00:00:00,PRD006,114.15,1,CUS0045,,ST006,PO0007,,
2024-03-08 00:00:00,PRD005,35.43,5,CUS0044,,ST003,PO0030,,
2024-03-08 00:00:00,PRD005,35.43,5,CUS0041,,ST003,PO0012,,
2024-03-08 00:00:00,PRD015,153.48,1,CUS0041,,ST001,PO0054,,
2024-03-08 00:00:00,PRD030,141.01,4,CUS0001,,ST005,PO0098,,
2024-03-08 00:00:00,PRD013,143.06,2,CUS0179,,ST004,PO0013,,
2024-03-08 00:00:00,PRD027,156.88,3,CUS0007,,ST005,PO0079,,
2024-03-08 00:00:00,PRD013,143.06,4,CUS0188,,ST001,PO0076,,
2024-03-08 00:00:00,PRD030,141.01,2,CUS0048,,ST004,PO0058,,
2024-03-08 00:00:00,PRD004,224.66,4,CUS0038,,ST006,PO0042,,
2024-03-09 00:00:00,PRD026,214.16,8,CUS0125,,ST003,PO0033,,
2024-03-09 00:00:00,PRD003,174.02,8,CUS0178,,ST004,PO0088,,
2024-03-09 00:00:00,PRD009,120.38,17,CUS0076,PROMO008,ST003,PO0008,,
2024-03-09 00:00:00,PRD009,120.38,15,CUS0109,PROMO008,ST004,PO0049,,
2024-03-09 00:00:00,PRD015,153.48,11,CUS0040,,ST004,PO0096,,
2024-03-10 00:00:00,PRD019,179.06,11,CUS0128,,ST005,PO0088,,
2024-03-10 00:00:00,PRD020,94.96,5,CUS0099,,ST005,PO0065,,
2024-03-10 00:00:00,PRD023,94.1,11,CUS0185,,ST002,PO0081,,
2024-03-10 00:00:00,PRD010,21.24,1,CUS0049,,ST001,PO0105,,
2024-03-10 00:00:00,PRD015,153.48,11,CUS0040,,ST006,PO0059,,
2024-03-10 00:00:00,PRD013,143.06,11,CUS0196,,ST003,PO0091,,
2024-03-11 00:00:00,PRD014,66.8,7,CUS0027,,ST005,PO0093,,
2024-03-11 00:00:00,PRD005,35.43,5,CUS0003,,ST003,PO0037,,
2024-03-11 00:00:00,PRD012,167.72,2,CUS0052,,ST004,PO0054,,
2024-03-11 00:00:00,PRD015,153.48,1,CUS0155,,ST001,PO0049,,
2024-03-11 00:00:00,PRD023,94.1,7,CUS0048,,ST003,PO0081,,
2024-03-12 00:00:00,PRD010,21.24,4,CUS0071,,ST006,PO0011,,
2024-03-12 00:00:00,PRD029,177.17,8,CUS0185,PROMO002,ST003,PO0057,,
2024-03-12 00:00:00,PRD016,205.22,4,CUS0029,,ST005,PO0095,,
2024-03-12 00:00:00,PRD015,153.48,5,CUS0078,,ST003,PO0064,,
2024-03-12 00:00:00,PRD006,114.15,1,CUS0194,,ST002,PO0085,,
2024-03-12 00:00:00,PRD025,37.73,8,CUS0178,,ST003,PO0067,,
2024-03-12 00:00:00,PRD007,22.0,2,CUS0004,,ST001,PO0107,,
2024-03-13 00:00:00,PRD005,35.43,6,CUS0080,,ST003,PO0059,,
2024-03-13 00:00:00,PRD022,239.95,8,CUS0168,,ST001,PO0061,,
2024-03-14 00:00:00,PRD001,67.45,3,CUS0049,,ST002,PO0069,,
2024-03-14 00:00:00,PRD024,36.8,1,CUS0036,,ST005,PO0037,,
2024-03-14 00:00:00,PRD004,224.66,3,CUS0151,,ST004,PO0007,,
2024-03-14 00:00:00,PRD001,67.45,4,CUS0106,,ST003,PO0036,,
2024-03-15 00:00:00,PRD014,66.8,2,CUS0043,,ST004,PO0036,,
2024-03-15 00:00:00,PRD023,94.1,7,CUS0005,,ST005,PO0026,,
2024-03-15 00:00:00,PRD010,21.24,1,CUS0196,,ST003,PO0113,,
2024-03-15 00:00:00,PRD028,204.68,1,CUS0075,,ST003,PO0031,,
2024-03-15 00:00:00,PRD013,143.06,1,CUS0067,,ST005,PO0120,,
2024-03-16 00:00:00,PRD015,153.48,8,CUS0115,,ST005,PO0021,,
2024-03-16 00:00:00,PRD010,21.24,2,CUS0090,,ST001,PO0027,,
2024-03-16 00:00:00,PRD014,66.8,11,CUS0087,,ST006,PO0015,,
2024-03-16 00:00:00,PRD017,16.53,8,CUS0168,,ST003,PO0029,,
2024-03-16 00:00:00,PRD009,133.76,7,CUS0155,,ST004,PO0088,,
2024-03-16 00:00:00,PRD007,22.0,7,CUS0064,,ST005,PO0075,,
2024-03-16 00:00:00,PRD030,141.01,2,CUS0028,,ST005,PO0100,,
2024-03-16 00:00:00,PRD018,204.37,7,CUS0038,,ST006,PO0086,,
2024-03-16 00:00:00,PRD030,141.01,11,CUS0039,,ST002,PO0067,,
2024-03-16 00:00:00,PRD006,114.15,9,CUS0115,,ST006,PO0027,,
2024-03-17 00:00:00,PRD025,37.73,11,CUS0137,,ST003,PO0050,,
2024-03-17 00:00:00,PRD018,204.37,9,CUS0059,,ST002,PO0093,,
2024-03-17 00:00:00,PRD016,205.22,11,CUS0128,,ST002,PO0021,,
2024-03-18 00:00:00,PRD001,67.45,7,CUS0059,,ST002,PO0103,,
2024-03-18 00:00:00,PRD029,177.17,10,CUS0039,PROMO002,ST001,PO0030,,
2024-03-18 00:00:00,PRD019,179.06,1,CUS0137,,ST001,PO0024,,
2024-03-19 00:00:00,PRD025,37.73,7,CUS0032,,ST004,PO0001,,
2024-03-19 00:00:00,PRD024,36.8,1,CUS0033,,ST002,PO0054,,
2024-03-19 00:00:00,PRD009,133.76,5,CUS0160,,ST005,PO0013,,
2024-03-19 00:00:00,PRD013,143.06,7,CUS0080,,ST005,PO0043,,
2024-03-20 00:00:00,PRD028,204.68,5,CUS0058,,ST004,PO0051,,
2024-03-20 00:00:00,PRD011,61.73,1,CUS0040,,ST003,PO0077,,
2024-03-20 00:00:00,PRD002,188.07,7,CUS0167,,ST005,PO0033,,
2024-03-20 00:00:00,PRD024,36.8,2,CUS0043,,ST004,PO0060,,
2024-03-20 00:00:00,PRD007,22.0,8,CUS0135,,ST006,PO0083,,
2024-03-20 00:00:00,PRD025,37.73,3,CUS0037,,ST004,PO0073,,
2024-03-21 00:00:00,PRD014,66.8,1,CUS0101,,ST003,PO0064,,
2024-03-21 00:00:00,PRD027,156.88,2,CUS0071,,ST004,PO0046,,
2024-03-21 00:00:00,PRD004,224.66,1,CUS0089,,ST006,PO0046,,
2024-03-21 00:00:00,PRD015,153.48,8,CUS0127,,ST002,PO0010,,
2024-03-21 00:00:00,PRD017,16.53,1,CUS0038,,ST003,PO0019,,
2024-03-22 00:00:00,PRD025,37.73,2,CUS0064,,ST006,PO0031,,
2024-03-22 00:00:00,PRD027,156.88,8,CUS0196,,ST001,PO0017,,
2024-03-22 00:00:00,PRD002,188.07,4,CUS0152,,ST006,PO0002,,
2024-03-23 00:00:00,PRD023,94.1,7,CUS0186,,ST002,PO0061,,
2024-03-23 00:00:00,PRD017,16.53,1,CUS0102,,ST004,PO0088,,
2024-03-23 00:00:00,PRD008,66.38,7,CUS0047,,ST002,PO0108,,
2024-03-23 00:00:00,PRD019,179.06,7,CUS0175,,ST003,PO0019,,
2024-03-24 00:00:00,PRD019,179.06,1,CUS0056,,ST003,PO0061,,
2024-03-24 00:00:00,PRD017,16.53,9,CUS0117,,ST001,PO0033,,
2024-03-24 00:00:00,PRD015,153.48,2,CUS0056,,ST002,PO0065,,
2024-03-25 00:00:00,PRD022,239.95,1,CUS0147,,ST006,PO0102,,
2024-03-25 00:00:00,PRD020,94.96,8,CUS0036,,ST006,PO0096,,
2024-03-25 00:00:00,PRD003,174.02,4,CUS0020,,ST005,PO0083,,
2024-03-25 00:00:00,PRD005,35.43,6,CUS0134,,ST004,PO0015,,
2024-03-25 00:00:00,PRD005,35.43,7,CUS0048,,ST005,PO0015,,
2024-03-25 00:00:00,PRD003,174.02,6,CUS0189,,ST004,PO0098,,
2024-03-26 00:00:00,PRD029,186.49,4,CUS0050,,ST002,PO0006,,
2024-03-26 00:00:00,PRD027,156.88,7,CUS0076,,ST005,PO0118,,
2024-03-26 00:00:00,PRD006,114.15,1,CUS0107,,ST005,PO0014,,
2024-03-26 00:00:00,PRD025,37.73,5,CUS0094,,ST004,PO0026,,
2024-03-26 00:00:00,PRD001,67.45,6,CUS0081,,ST006,PO0103,,
2024-03-27 00:00:00,PRD020,94.96,1,CUS0138,,ST003,PO0005,,
2024-03-27 00:00:00,PRD020,94.96,4,CUS0138,,ST004,PO0117,,
2024-03-27 00:00:00,PRD007,22.0,1,CUS0158,,ST003,PO0024,,
2024-03-27 00:00:00,PRD011,61.73,7,CUS0186,,ST004,PO0064,,
2024-03-27 00:00:00,PRD015,153.48,8,CUS0145,,ST006,PO0099,,
2024-03-28 00:00:00,PRD018,204.37,2,CUS0173,,ST005,PO0023,,
2024-03-28 00:00:00,PRD026,214.16,8,CUS0183,,ST001,PO0016,,
2024-03-28 00:00:00,PRD008,66.38,7,CUS0029,,ST003,PO0117,,
2024-03-28 00:00:00,PRD018,204.37,2,CUS0004,,ST006,PO0068,,
2024-03-29 00:00:00,PRD030,141.01,9,CUS0198,,ST001,PO0003,,
2024-03-29 00:00:00,PRD014,66.8,1,CUS0058,,ST003,PO0078,,
2024-03-29 00:00:00,PRD030,141.01,2,CUS0190,,ST006,PO0074,,
2024-03-29 00:00:00,PRD024,36.8,4,CUS0041,,ST005,PO0063,,
2024-03-29 00:00:00,PRD025,37.73,8,CUS0143,,ST006,PO0091,,
2024-03-30 00:00:00,PRD023,94.1,2,CUS0072,,ST002,PO0115,,
2024-03-30 00:00:00,PRD018,204.37,4,CUS0085,,ST005,PO0055,,
2024-03-30 00:00:00,PRD004,224.66,10,CUS0168,,ST004,PO0047,,
2024-03-30 00:00:00,PRD003,174.02,1,CUS0075,,ST003,PO0103,,
2024-03-30 00:00:00,PRD014,66.8,2,CUS0096,,ST001,PO0100,,
2024-03-30 00:00:00,PRD013,143.06,13,CUS0031,,ST006,PO0067,,
2024-03-30 00:00:00,PRD001,67.45,10,CUS0064,,ST002,PO0116,,
2024-03-30 00:00:00,PRD003,174.02,2,CUS0004,,ST006,PO0018,,
2024-03-30 00:00:00,PRD017,16.53,10,CUS0079,,ST006,PO0089,,
2024-03-31 00:00:00,PRD006,114.15,9,CUS0016,,ST001,PO0019,,
2024-03-31 00:00:00,PRD029,186.49,1,CUS0185,,ST004,PO0101,,
2024-03-31 00:00:00,PRD029,186.49,10,CUS0176,,ST005,PO0025,,
2024-03-31 00:00:00,PRD009,133.76,9,CUS0163,,ST001,PO0001,,
2024-03-31 00:00:00,PRD018,204.37,6,CUS0146,,ST004,PO0094,,
2024-04-01 00:00:00,PRD021,51.54,4,CUS0183,,ST001,PO0115,,
2024-04-01 00:00:00,PRD007,22.0,6,CUS0183,,ST003,PO0068,,
2024-04-01 00:00:00,PRD004,224.66,4,CUS0006,,ST002,PO0108,,
2024-04-01 00:00:00,PRD006,114.15,5,CUS0143,,ST001,PO0074,,
2024-04-01 00:00:00,PRD027,156.88,7,CUS0155,,ST006,PO0042,,
2024-04-01 00:00:00,PRD029,186.49,4,CUS0198,,ST004,PO0012,,
2024-04-01 00:00:00,PRD004,224.66,8,CUS0187,,ST004,PO0039,,
2024-04-01 00:00:00,PRD024,36.8,5,CUS0044,,ST005,PO0064,,
2024-04-01 00:00:00,PRD004,224.66,7,CUS0136,,ST002,PO0094,,
2024-04-02 00:00:00,PRD014,66.8,7,CUS0200,,ST003,PO0079,,
2024-04-02 00:00:00,PRD001,67.45,4,CUS0065,,ST004,PO0107,,
2024-04-02 00:00:00,PRD004,224.66,7,CUS0154,,ST005,PO0082,,
2024-04-02 00:00:00,PRD030,141.01,2,CUS0125,,ST003,PO0081,,
2024-04-02 00:00:00,PRD019,179.06,3,CUS0148,,ST006,PO0030,,
2024-04-02 00:00:00,PRD006,114.15,5,CUS0006,,ST003,PO0021,,
2024-04-02 00:00:00,PRD030,141.01,3,CUS0197,,ST006,PO0094,,
2024-04-02 00:00:00,PRD012,167.72,6,CUS0098,,ST004,PO0028,,
2024-04-03 00:00:00,PRD013,143.06,4,CUS0067,,ST004,PO0057,,
2024-04-03 00:00:00,PRD017,16.53,4,CUS0128,,ST006,PO0026,,
2024-04-03 00:00:00,PRD022,239.95,6,CUS0157,,ST002,PO0082,,
2024-04-03 00:00:00,PRD008,66.38,5,CUS0028,,ST004,PO0085,,
2024-04-03 00:00:00,PRD016,205.22,1,CUS0121,,ST003,PO0021,,
2024-04-04 00:00:00,PRD007,22.0,8,CUS0062,,ST002,PO0039,,
2024-04-04 00:00:00,PRD024,36.8,2,CUS0192,,ST005,PO0034,,
2024-04-05 00:00:00,PRD016,205.22,3,CUS0051,,ST004,PO0024,,
2024-04-05 00:00:00,PRD014,66.8,8,CUS0012,,ST003,PO0057,,
2024-04-05 00:00:00,PRD027,156.88,8,CUS0163,,ST005,PO0089,,
2024-04-05 00:00:00,PRD017,16.53,3,CUS0189,,ST005,PO0016,,
2024-04-05 00:00:00,PRD017,16.53,4,CUS0129,,ST004,PO0072,,
2024-04-05 00:00:00,PRD017,16.53,7,CUS0155,,ST001,PO0074,,
2024-04-06 00:00:00,PRD021,51.54,9,CUS0144,,ST004,PO0051,,
2024-04-06 00:00:00,PRD016,205.22,7,CUS0039,,ST003,PO0032,,
2024-04-06 00:00:00,PRD011,61.73,9,CUS0047,,ST004,PO0102,,
2024-04-06 00:00:00,PRD030,141.01,1,CUS0164,,ST003,PO0003,,
2024-04-06 00:00:00,PRD010,21.24,2,CUS0101,,ST002,PO0059,,
2024-04-07 00:00:00,PRD023,94.1,8,CUS0028,,ST004,PO0006,,
2024-04-07 00:00:00,PRD027,156.88,4,CUS0140,,ST003,PO0042,,
2024-04-07 00:00:00,PRD026,214.16,8,CUS0089,,ST005,PO0084,,
2024-04-07 00:00:00,PRD015,153.48,2,CUS0192,,ST004,PO0118,,
2024-04-07 00:00:00,PRD015,153.48,1,CUS0183,,ST004,PO0090,,
2024-04-07 00:00:00,PRD011,61.73,9,CUS0109,,ST003,PO0099,,
2024-04-07 00:00:00,PRD014,66.8,8,CUS0186,,ST006,PO0029,,
2024-04-08 00:00:00,PRD003,174.02,1,CUS0063,,ST003,PO0060,,
2024-04-08 00:00:00,PRD004,224.66,2,CUS0158,,ST006,PO0039,,
2024-04-08 00:00:00,PRD011,61.73,8,CUS0003,,ST002,PO0096,,
2024-04-08 00:00:00,PRD016,205.22,1,CUS0163,,ST002,PO0027,,
2024-04-08 00:00:00,PRD021,51.54,2,CUS0027,,ST001,PO0077,,
2024-04-08 00:00:00,PRD009,133.76,5,CUS0044,,ST005,PO0001,,
2024-04-08 00:00:00,PRD015,153.48,6,CUS0117,,ST001,PO0019,,
2024-04-09 00:00:00,PRD013,143.06,3,CUS0017,,ST005,PO0017,,
2024-04-09 00:00:00,PRD001,67.45,6,CUS0021,,ST005,PO0104,,
2024-04-09 00:00:00,PRD006,114.15,6,CUS0012,,ST001,PO0026,,
2024-04-09 00:00:00,PRD017,16.53,6,CUS0174,,ST006,PO0024,,
2024-04-11 00:00:00,PRD007,22.0,5,CUS0045,,ST002,PO0114,,
2024-04-11 00:00:00,PRD012,167.72,2,CUS0136,,ST005,PO0116,,
2024-04-11 00:00:00,PRD024,36.8,8,CUS0189,,ST001,PO0067,,
2024-04-11 00:00:00,PRD018,204.37,5,CUS0022,,ST001,PO0069,,
2024-04-12 00:00:00,PRD027,156.88,1,CUS0064,,ST001,PO0059,,
2024-04-12 00:00:00,PRD024,36.8,4,CUS0018,,ST003,PO0025,,
2024-04-12 00:00:00,PRD010,21.24,7,CUS0057,,ST001,PO0061,,
2024-04-13 00:00:00,PRD005,35.43,4,CUS0200,,ST005,PO0014,,
2024-04-13 00:00:00,PRD025,37.73,7,CUS0124,,ST001,PO0047,,
2024-04-13 00:00:00,PRD021,51.54,5,CUS0096,,ST002,PO0026,,
2024-04-13 00:00:00,PRD029,186.49,5,CUS0159,,ST003,PO0020,,
2024-04-13 00:00:00,PRD014,66.8,5,CUS0017,,ST002,PO0119,,
2024-04-13 00:00:00,PRD004,224.66,4,CUS0142,,ST001,PO0050,,
2024-04-13 00:00:00,PRD003,174.02,2,CUS0114,,ST005,PO0004,,
2024-04-14 00:00:00,PRD015,153.48,4,CUS0086,,ST002,PO0070,,
2024-04-14 00:00:00,PRD017,16.53,2,CUS0162,,ST006,PO0035,,
2024-04-14 00:00:00,PRD026,214.16,5,CUS0130,,ST001,PO0055,,
2024-04-14 00:00:00,PRD027,156.88,1,CUS0061,,ST006,PO0077,,
2024-04-15 00:00:00,PRD012,167.72,3,CUS0164,,ST003,PO0011,,
2024-04-15 00:00:00,PRD005,35.43,4,CUS0073,,ST006,PO0087,,
2024-04-15 00:00:00,PRD006,114.15,8,CUS0090,,ST004,PO0013,,
2024-04-15 00:00:00,PRD011,61.73,4,CUS0181,,ST005,PO0057,,
2024-04-15 00:00:00,PRD026,214.16,6,CUS0041,,ST006,PO0038,,
2024-04-15 00:00:00,PRD027,156.88,2,CUS0026,,ST005,PO0005,,
2024-04-15 00:00:00,PRD010,21.24,4,CUS0016,,ST005,PO0045,,
2024-04-16 00:00:00,PRD030,141.01,8,CUS0085,,ST002,PO0001,,
2024-04-16 00:00:00,PRD015,153.48,1,CUS0119,,ST001,PO0010,,
2024-04-16 00:00:00,PRD028,204.68,8,CUS0079,,ST004,PO0034,,
2024-04-16 00:00:00,PRD003,174.02,5,CUS0014,,ST002,PO0015,,
2024-04-17 00:00:00,PRD009,133.76,6,CUS0052,,ST002,PO0037,,
2024-04-17 00:00:00,PRD012,167.72,4,CUS0180,,ST006,PO0007,,
2024-04-17 00:00:00,PRD020,94.96,4,CUS0015,,ST006,PO0018,,
2024-04-17 00:00:00,PRD028,204.68,7,CUS0023,,ST001,PO0017,,
2024-04-17 00:00:00,PRD007,22.0,1,CUS0051,,ST006,PO0051,,
2024-04-17 00:00:00,PRD028,204.68,1,CUS0005,,ST003,PO0113,,
2024-04-17 00:00:00,PRD021,51.54,8,CUS0060,,ST005,PO0076,,
2024-04-17 00:00:00,PRD009,133.76,8,CUS0075,,ST006,PO0009,,
2024-04-18 00:00:00,PRD012,167.72,7,CUS0182,,ST004,PO0095,,
2024-04-18 00:00:00,PRD026,214.16,4,CUS0140,,ST005,PO0097,,
2024-04-18 00:00:00,PRD019,179.06,3,CUS0122,,ST002,PO0025,,
2024-04-18 00:00:00,PRD012,167.72,3,CUS0052,,ST001,PO0096,,
2024-04-19 00:00:00,PRD015,153.48,3,CUS0106,,ST005,PO0088,,
2024-04-19 00:00:00,PRD017,16.53,7,CUS0027,,ST002,PO0069,,
2024-04-19 00:00:00,PRD021,51.54,5,CUS0113,,ST004,PO0033,,
2024-04-19 00:00:00,PRD012,167.72,6,CUS0085,,ST003,PO0038,,
2024-04-20 00:00:00,PRD025,37.73,11,CUS0046,,ST004,PO0048,,
2024-04-20 00:00:00,PRD025,37.73,11,CUS0119,,ST003,PO0002,,
2024-04-20 00:00:00,PRD016,153.92,11,CUS0187,PROMO010,ST005,PO0055,,
2024-04-21 00:00:00,PRD004,224.66,2,CUS0182,,ST001,PO0012,,
2024-04-21 00:00:00,PRD021,51.54,4,CUS0092,,ST003,PO0031,,
2024-04-21 00:00:00,PRD028,204.68,9,CUS0078,,ST005,PO0064,,
2024-04-21 00:00:00,PRD021,51.54,2,CUS0012,,ST004,PO0045,,
2024-04-21 00:00:00,PRD029,186.49,11,CUS0144,,ST006,PO0002,,
2024-04-21 00:00:00,PRD020,94.96,11,CUS0117,,ST004,PO0057,,
2024-04-21 00:00:00,PRD018,204.37,11,CUS0106,,ST005,PO0016,,
2024-04-21 00:00:00,PRD028,204.68,2,CUS0186,,ST003,PO0102,,
2024-04-21 00:00:00,PRD010,21.24,5,CUS0189,,ST006,PO0002,,
2024-04-22 00:00:00,PRD026,214.16,2,CUS0169,,ST003,PO0084,,
2024-04-22 00:00:00,PRD014,66.8,2,CUS0171,,ST002,PO0093,,
2024-04-22 00:00:00,PRD016,153.92,4,CUS0130,PROMO010,ST002,PO0054,,
2024-04-23 00:00:00,PRD024,36.8,4,CUS0174,,ST002,PO0035,,
2024-04-23 00:00:00,PRD017,16.53,7,CUS0027,,ST001,PO0023,,
2024-04-23 00:00:00,PRD018,204.37,4,CUS0144,,ST005,PO0089,,
2024-04-23 00:00:00,PRD028,204.68,6,CUS0021,,ST005,PO0005,,
2024-04-23 00:00:00,PRD010,21.24,3,CUS0013,,ST006,PO0094,,
2024-04-23 00:00:00,PRD023,94.1,7,CUS0134,,ST003,PO0024,,
2024-04-23 00:00:00,PRD004,224.66,4,CUS0115,,ST003,PO0051,,
2024-04-23 00:00:00,PRD002,188.07,3,CUS0051,,ST004,PO0048,,
2024-04-23 00:00:00,PRD008,66.38,4,CUS0127,,ST003,PO0005,,
2024-04-24 00:00:00,PRD020,94.96,1,CUS0137,,ST002,PO0038,,
2024-04-24 00:00:00,PRD021,51.54,2,CUS0165,,ST003,PO0049,,
2024-04-24 00:00:00,PRD019,179.06,1,CUS0059,,ST004,PO0050,,
2024-04-24 00:00:00,PRD029,186.49,1,CUS0194,,ST001,PO0039,,
2024-04-24 00:00:00,PRD027,156.88,4,CUS0049,,ST003,PO0037,,
2024-04-24 00:00:00,PRD001,67.45,7,CUS0091,,ST003,PO0063,,
2024-04-25 00:00:00,PRD014,66.8,5,CUS0003,,ST001,PO0049,,
2024-04-25 00:00:00,PRD027,156.88,2,CUS0184,,ST005,PO0013,,
2024-04-25 00:00:00,PRD020,94.96,6,CUS0091,,ST003,PO0065,,
2024-04-25 00:00:00,PRD008,66.38,6,CUS0194,,ST005,PO0070,,
2024-04-26 00:00:00,PRD013,143.06,2,CUS0061,,ST006,PO0053,,
2024-04-26 00:00:00,PRD029,186.49,5,CUS0105,,ST004,PO0058,,
2024-04-26 00:00:00,PRD002,188.07,2,CUS0114,,ST003,PO0047,,
2024-04-26 00:00:00,PRD008,66.38,5,CUS0050,,ST006,PO0003,,
2024-04-26 00:00:00,PRD030,141.01,6,CUS0082,,ST006,PO0038,,
2024-04-27 00:00:00,PRD004,224.66,5,CUS0118,,ST003,PO0020,,
2024-04-27 00:00:00,PRD030,141.01,2,CUS0106,,ST005,PO0063,,
2024-04-27 00:00:00,PRD030,141.01,9,CUS0099,,ST002,PO0014,,
2024-04-27 00:00:00,PRD024,36.8,9,CUS0022,,ST005,PO0092,,
2024-04-27 00:00:00,PRD027,156.88,7,CUS0163,,ST001,PO0040,,
2024-04-28 00:00:00,PRD029,186.49,10,CUS0131,,ST006,PO0013,,
2024-04-28 00:00:00,PRD007,22.0,6,CUS0037,,ST005,PO0034,,
2024-04-28 00:00:00,PRD025,37.73,2,CUS0088,,ST005,PO0099,,
2024-04-29 00:00:00,PRD008,66.38,7,CUS0163,,ST006,PO0113,,
2024-04-29 00:00:00,PRD020,94.96,4,CUS0176,,ST003,PO0020,,
2024-04-29 00:00:00,PRD024,36.8,1,CUS0060,,ST001,PO0079,,
2024-04-29 00:00:00,PRD010,21.24,6,CUS0166,,ST001,PO0046,,
2024-04-30 00:00:00,PRD002,188.07,8,CUS0056,,ST003,PO0055,,
2024-04-30 00:00:00,PRD006,114.15,8,CUS0062,,ST001,PO0020,,
2024-04-30 00:00:00,PRD017,16.53,6,CUS0054,,ST002,PO0118,,
2024-04-30 00:00:00,PRD028,204.68,4,CUS0068,,ST002,PO0030,,
2024-05-01 00:00:00,PRD030,141.01,8,CUS0100,,ST001,PO0117,,
2024-05-01 00:00:00,PRD001,67.45,2,CUS0013,,ST004,PO0074,,
2024-05-02 00:00:00,PRD025,37.73,8,CUS0100,,ST001,PO0102,,
2024-05-02 00:00:00,PRD001,67.45,1,CUS0063,,ST001,PO0119,,
2024-05-03 00:00:00,PRD010,21.24,5,CUS0169,,ST002,PO0092,,
2024-05-03 00:00:00,PRD025,37.73,1,CUS0154,,ST004,PO0085,,
2024-05-03 00:00:00,PRD026,214.16,7,CUS0126,,ST003,PO0089,,
2024-05-03 00:00:00,PRD020,94.96,7,CUS0174,,ST005,PO0043,,
2024-05-03 00:00:00,PRD004,224.66,3,CUS0192,,ST006,PO0098,,
2024-05-04 00:00:00,PRD017,16.53,2,CUS0016,,ST002,PO0048,,
2024-05-04 00:00:00,PRD028,204.68,1,CUS0035,,ST001,PO0102,,
2024-05-04 00:00:00,PRD030,141.01,4,CUS0176,,ST004,PO0022,,
2024-05-04 00:00:00,PRD021,51.54,5,CUS0102,,ST002,PO0071,,
2024-05-04 00:00:00,PRD020,94.96,8,CUS0199,,ST004,PO0088,,
2024-05-05 00:00:00,PRD024,36.8,9,CUS0046,,ST005,PO0032,,
2024-05-05 00:00:00,PRD029,186.49,4,CUS0002,,ST004,PO0004,,
2024-05-05 00:00:00,PRD006,97.03,18,CUS0176,PROMO003,ST003,PO0033,,
2024-05-05 00:00:00,PRD028,204.68,9,CUS0108,,ST005,PO0064,,
2024-05-06 00:00:00,PRD001,67.45,2,CUS0084,,ST005,PO0075,,
2024-05-06 00:00:00,PRD028,204.68,2,CUS0022,,ST003,PO0020,,
2024-05-06 00:00:00,PRD013,143.06,6,CUS0146,,ST004,PO0059,,
2024-05-06 00:00:00,PRD008,66.38,4,CUS0166,,ST003,PO0076,,
2024-05-06 00:00:00,PRD015,153.48,7,CUS0126,,ST002,PO0074,,
2024-05-07 00:00:00,PRD014,66.8,2,CUS0119,,ST001,PO0103,,
2024-05-07 00:00:00,PRD027,156.88,6,CUS0116,,ST005,PO0088,,
2024-05-07 00:00:00,PRD001,67.45,4,CUS0043,,ST003,PO0040,,
2024-05-07 00:00:00,PRD025,37.73,3,CUS0143,,ST006,PO0072,,
2024-05-07 00:00:00,PRD004,224.66,3,CUS0184,,ST006,PO0083,,
2024-05-07 00:00:00,PRD017,16.53,8,CUS0089,,ST006,PO0087,,
2024-05-07 00:00:00,PRD002,188.07,2,CUS0090,,ST003,PO0101,,
2024-05-07 00:00:00,PRD009,133.76,5,CUS0200,,ST006,PO0004,,
2024-05-08 00:00:00,PRD001,67.45,2,CUS0182,,ST002,PO0042,,
2024-05-08 00:00:00,PRD020,94.96,4,CUS0159,,ST004,PO0107,,
2024-05-08 00:00:00,PRD007,22.0,2,CUS0054,,ST002,PO0051,,
2024-05-08 00:00:00,PRD004,224.66,2,CUS0051,,ST006,PO0075,,
2024-05-08 00:00:00,PRD004,224.66,8,CUS0172,,ST005,PO0024,,
2024-05-08 00:00:00,PRD023,94.1,1,CUS0125,,ST006,PO0057,,
2024-05-08 00:00:00,PRD009,133.76,4,CUS0185,,ST006,PO0064,,
2024-05-09 00:00:00,PRD008,66.38,1,CUS0017,,ST003,PO0086,,
2024-05-09 00:00:00,PRD020,94.96,1,CUS0118,,ST004,PO0110,,
2024-05-09 00:00:00,PRD006,97.03,8,CUS0020,PROMO003,ST006,PO0059,,
2024-05-09 00:00:00,PRD018,204.37,8,CUS0180,,ST002,PO0027,,
2024-05-09 00:00:00,PRD002,188.07,6,CUS0066,,ST005,PO0011,,
2024-05-10 00:00:00,PRD024,36.8,1,CUS0085,,ST004,PO0091,,
2024-05-11 00:00:00,PRD004,224.66,8,CUS0006,,ST004,PO0016,,
2024-05-11 00:00:00,PRD006,97.03,2,CUS0026,PROMO003,ST005,PO0022,,
2024-05-12 00:00:00,PRD004,224.66,1,CUS0176,,ST005,PO0092,,
2024-05-12 00:00:00,PRD027,156.88,11,CUS0160,,ST006,PO0019,,
2024-05-12 00:00:00,PRD008,66.38,7,CUS0046,,ST004,PO0009,,
2024-05-12 00:00:00,PRD004,224.66,11,CUS0178,,ST001,PO0048,,
2024-05-12 00:00:00,PRD016,205.22,2,CUS0073,,ST001,PO0050,,
2024-05-12 00:00:00,PRD014,66.8,4,CUS0175,,ST003,PO0084,,
2024-05-13 00:00:00,PRD003,174.02,6,CUS0048,,ST002,PO0072,,
2024-05-13 00:00:00,PRD005,35.43,6,CUS0174,,ST002,PO0023,,
2024-05-13 00:00:00,PRD022,239.95,7,CUS0145,,ST003,PO0079,,
2024-05-13 00:00:00,PRD008,66.38,6,CUS0093,,ST005,PO0072,,
2024-05-13 00:00:00,PRD026,214.16,3,CUS0176,,ST005,PO0106,,
2024-05-14 00:00:00,PRD003,174.02,6,CUS0023,,ST004,PO0111,,
2024-05-14 00:00:00,PRD030,141.01,5,CUS0164,,ST006,PO0061,,
2024-05-14 00:00:00,PRD030,141.01,3,CUS0087,,ST005,PO0032,,
2024-05-14 00:00:00,PRD019,179.06,5,CUS0133,,ST003,PO0056,,
2024-05-14 00:00:00,PRD015,153.48,2,CUS0006,,ST006,PO0018,,
2024-05-14 00:00:00,PRD016,205.22,4,CUS0092,,ST006,PO0053,,
2024-05-14 00:00:00,PRD020,94.96,3,CUS0013,,ST004,PO0080,,
2024-05-14 00:00:00,PRD030,141.01,6,CUS0117,,ST001,PO0100,,
2024-05-15 00:00:00,PRD023,94.1,3,CUS0042,,ST005,PO0109,,
2024-05-15 00:00:00,PRD019,179.06,1,CUS0077,,ST005,PO0052,,
2024-05-15 00:00:00,PRD008,66.38,2,CUS0001,,ST002,PO0100,,
2024-05-16 00:00:00,PRD003,174.02,1,CUS0186,,ST006,PO0048,,
2024-05-16 00:00:00,PRD019,179.06,4,CUS0153,,ST002,PO0030,,
2024-05-16 00:00:00,PRD007,22.0,8,CUS0122,,ST003,PO0078,,
2024-05-16 00:00:00,PRD003,174.02,7,CUS0019,,ST005,PO0061,,
2024-05-16 00:00:00,PRD014,66.8,1,CUS0196,,ST002,PO0074,,
2024-05-17 00:00:00,PRD029,186.49,4,CUS0149,,ST006,PO0104,,
2024-05-17 00:00:00,PRD002,188.07,7,CUS0164,,ST005,PO0084,,
2024-05-17 00:00:00,PRD024,36.8,6,CUS0006,,ST003,PO0105,,
2024-05-17 00:00:00,PRD018,204.37,2,CUS0198,,ST001,PO0043,,
2024-05-18 00:00:00,PRD016,205.22,9,CUS0057,,ST006,PO0086,,
2024-05-18 00:00:00,PRD019,179.06,11,CUS0200,,ST003,PO0096,,
2024-05-18 00:00:00,PRD020,94.96,11,CUS0106,,ST002,PO0023,,
2024-05-19 00:00:00,PRD018,204.37,9,CUS0007,,ST002,PO0057,,
2024-05-19 00:00:00,PRD020,94.96,5,CUS0150,,ST001,PO0068,,
2024-05-19 00:00:00,PRD002,188.07,8,CUS0108,,ST006,PO0117,,
2024-05-19 00:00:00,PRD019,179.06,9,CUS0045,,ST005,PO0060,,
2024-05-20 00:00:00,PRD030,141.01,5,CUS0005,,ST005,PO0105,,
2024-05-20 00:00:00,PRD005,35.43,3,CUS0194,,ST004,PO0022,,
2024-05-20 00:00:00,PRD030,141.01,5,CUS0149,,ST005,PO0073,,
2024-05-21 00:00:00,PRD012,167.72,6,CUS0198,,ST004,PO0086,,
2024-05-21 00:00:00,PRD003,174.02,3,CUS0025,,ST001,PO0059,,
2024-05-21 00:00:00,PRD014,66.8,2,CUS0102,,ST002,PO0002,,
2024-05-21 00:00:00,PRD012,167.72,7,CUS0194,,ST002,PO0053,,
2024-05-21 00:00:00,PRD003,174.02,4,CUS0186,,ST001,PO0005,,
2024-05-21 00:00:00,PRD019,179.06,7,CUS0178,,ST006,PO0099,,
2024-05-21 00:00:00,PRD010,21.24,8,CUS0018,,ST005,PO0096,,
2024-05-22 00:00:00,PRD029,186.49,2,CUS0148,,ST001,PO0103,,
2024-05-22 00:00:00,PRD008,66.38,4,CUS0006,,ST001,PO0069,,
2024-05-23 00:00:00,PRD016,205.22,4,CUS0039,,ST002,PO0021,,
2024-05-23 00:00:00,PRD022,239.95,6,CUS0111,,ST003,PO0116,,
2024-05-23 00:00:00,PRD025,37.73,8,CUS0181,,ST006,PO0078,,
2024-05-23 00:00:00,PRD014,66.8,5,CUS0066,,ST001,PO0095,,
2024-05-23 00:00:00,PRD014,66.8,7,CUS0054,,ST005,PO0065,,
2024-05-23 00:00:00,PRD008,66.38,4,CUS0185,,ST003,PO0086,,
2024-05-23 00:00:00,PRD021,51.54,3,CUS0066,,ST001,PO0069,,
2024-05-23 00:00:00,PRD021,51.54,2,CUS0012,,ST002,PO0115,,
2024-05-23 00:00:00,PRD013,143.06,6,CUS0183,,ST004,PO0032,,
2024-05-23 00:00:00,PRD013,143.06,2,CUS0111,,ST002,PO0033,,
2024-05-23 00:00:00,PRD019,179.06,4,CUS0039,,ST003,PO0115,,
2024-05-24 00:00:00,PRD001,67.45,2,CUS0171,,ST004,PO0017,,
2024-05-24 00:00:00,PRD002,188.07,5,CUS0156,,ST001,PO0115,,
2024-05-24 00:00:00,PRD024,36.8,5,CUS0179,,ST002,PO0090,,
2024-05-25 00:00:00,PRD008,66.38,7,CUS0050,,ST001,PO0004,,
2024-05-25 00:00:00,PRD005,35.43,5,CUS0112,,ST003,PO0043,,
2024-05-25 00:00:00,PRD005,35.43,5,CUS0044,,ST001,PO0040,,
2024-05-25 00:00:00,PRD004,224.66,5,CUS0179,,ST005,PO0035,,
2024-05-25 00:00:00,PRD004,224.66,4,CUS0117,,ST006,PO0075,,
2024-05-25 00:00:00,PRD026,214.16,8,CUS0016,,ST001,PO0076,,
2024-05-25 00:00:00,PRD013,143.06,11,CUS0161,,ST002,PO0017,,
2024-05-25 00:00:00,PRD014,66.8,4,CUS0044,,ST006,PO0066,,
2024-05-25 00:00:00,PRD013,143.06,8,CUS0141,,ST005,PO0017,,
2024-05-25 00:00:00,PRD029,186.49,8,CUS0090,,ST003,PO0058,,
2024-05-26 00:00:00,PRD024,36.8,1,CUS0199,,ST002,PO0082,,
2024-05-26 00:00:00,PRD029,186.49,11,CUS0022,,ST002,PO0065,,
2024-05-26 00:00:00,PRD016,205.22,4,CUS0047,,ST003,PO0099,,
2024-05-26 00:00:00,PRD005,35.43,4,CUS0066,,ST006,PO0077,,
2024-05-27 00:00:00,PRD002,188.07,1,CUS0022,,ST003,PO0064,,
2024-05-27 00:00:00,PRD028,204.68,3,CUS0035,,ST001,PO0010,,
2024-05-27 00:00:00,PRD013,143.06,3,CUS0048,,ST003,PO0108,,
2024-05-27 00:00:00,PRD008,66.38,2,CUS0103,,ST006,PO0096,,
2024-05-27 00:00:00,PRD007,22.0,7,CUS0044,,ST002,PO0048,,
2024-05-27 00:00:00,PRD026,214.16,1,CUS0059,,ST006,PO0043,,
2024-05-28 00:00:00,PRD006,114.15,6,CUS0156,,ST001,PO0037,,
2024-05-28 00:00:00,PRD022,239.95,3,CUS0119,,ST005,PO0066,,
2024-05-28 00:00:00,PRD018,204.37,8,CUS0049,,ST001,PO0115,,
2024-05-29 00:00:00,PRD016,205.22,7,CUS0180,,ST001,PO0006,,
2024-05-29 00:00:00,PRD030,141.01,2,CUS0117,,ST001,PO0048,,
2024-05-29 00:00:00,PRD027,156.88,4,CUS0002,,ST005,PO0048,,
2024-05-30 00:00:00,PRD027,156.88,9,CUS0046,,ST006,PO0010,,
2024-05-30 00:00:00,PRD025,37.73,3,CUS0046,,ST006,PO0001,,
2024-05-30 00:00:00,PRD020,94.96,9,CUS0035,,ST002,PO0053,,
2024-05-30 00:00:00,PRD027,156.88,6,CUS0043,,ST001,PO0089,,
2024-05-30 00:00:00,PRD013,143.06,2,CUS0097,,ST001,PO0036,,
2024-05-30 00:00:00,PRD021,51.54,2,CUS0121,,ST002,PO0095,,
2024-05-31 00:00:00,PRD028,204.68,3,CUS0011,,ST005,PO0064,,
2024-05-31 00:00:00,PRD014,66.8,6,CUS0119,,ST001,PO0013,,
2024-05-31 00:00:00,PRD010,21.24,4,CUS0128,,ST006,PO0059,,
2024-05-31 00:00:00,PRD023,94.1,1,CUS0142,,ST001,PO0118,,
2024-05-31 00:00:00,PRD015,153.48,7,CUS0158,,ST002,PO0029,,
2024-06-01 00:00:00,PRD002,188.07,2,CUS0173,,ST002,PO0041,,
2024-06-01 00:00:00,PRD023,94.1,5,CUS0093,,ST001,PO0111,,
2024-06-01 00:00:00,PRD009,133.76,2,CUS0105,,ST003,PO0086,,
2024-06-02 00:00:00,PRD025,37.73,8,CUS0151,,ST001,PO0073,,
2024-06-02 00:00:00,PRD025,37.73,4,CUS0169,,ST005,PO0024,,
2024-06-02 00:00:00,PRD002,188.07,2,CUS0147,,ST004,PO0073,,
2024-06-02 00:00:00,PRD017,16.53,5,CUS0035,,ST005,PO0071,,
2024-06-02 00:00:00,PRD016,205.22,11,CUS0076,,ST003,PO0028,,
2024-06-02 00:00:00,PRD015,153.48,9,CUS0106,,ST003,PO0111,,
2024-06-02 00:00:00,PRD016,205.22,2,CUS0102,,ST006,PO0005,,
2024-06-02 00:00:00,PRD012,167.72,8,CUS0197,,ST001,PO0015,,
2024-06-02 00:00:00,PRD014,66.8,4,CUS0098,,ST002,PO0083,,
2024-06-03 00:00:00,PRD007,22.0,5,CUS0127,,ST005,PO0095,,
2024-06-03 00:00:00,PRD025,37.73,8,CUS0195,,ST002,PO0069,,
2024-06-03 00:00:00,PRD018,204.37,5,CUS0176,,ST006,PO0089,,
2024-06-03 00:00:00,PRD028,204.68,7,CUS0150,,ST001,PO0001,,
2024-06-03 00:00:00,PRD006,114.15,5,CUS0049,,ST006,PO0078,,
2024-06-03 00:00:00,PRD008,66.38,6,CUS0035,,ST002,PO0094,,
2024-06-03 00:00:00,PRD001,67.45,1,CUS0077,,ST002,PO0028,,
2024-06-04 00:00:00,PRD012,167.72,4,CUS0119,,ST003,PO0076,,
2024-06-04 00:00:00,PRD024,36.8,1,CUS0102,,ST003,PO0108,,
2024-06-04 00:00:00,PRD024,36.8,3,CUS0126,,ST004,PO0018,,
2024-06-04 00:00:00,PRD002,188.07,5,CUS0148,,ST004,PO0082,,
2024-06-04 00:00:00,PRD021,51.54,5,CUS0072,,ST004,PO0110,,
2024-06-05 00:00:00,PRD003,174.02,5,CUS0056,,ST002,PO0105,,
2024-06-05 00:00:00,PRD001,67.45,4,CUS0057,,ST003,PO0055,,
2024-06-05 00:00:00,PRD003,174.02,8,CUS0073,,ST004,PO0072,,
2024-06-05 00:00:00,PRD027,156.88,4,CUS0110,,ST006,PO0012,,
2024-06-05 00:00:00,PRD018,204.37,5,CUS0109,,ST004,PO0110,,
2024-06-05 00:00:00,PRD029,186.49,4,CUS0192,,ST006,PO0116,,
2024-06-05 00:00:00,PRD021,51.54,3,CUS0181,,ST004,PO0110,,
2024-06-06 00:00:00,PRD022,239.95,7,CUS0085,,ST003,PO0034,,
2024-06-06 00:00:00,PRD010,21.24,6,CUS0182,,ST001,PO0035,,
2024-06-06 00:00:00,PRD003,174.02,2,CUS0053,,ST005,PO0031,,
2024-06-06 00:00:00,PRD025,37.73,2,CUS0117,,ST005,PO0022,,
2024-06-07 00:00:00,PRD029,186.49,4,CUS0129,,ST006,PO0088,,
2024-06-07 00:00:00,PRD006,114.15,6,CUS0176,,ST001,PO0069,,
2024-06-07 00:00:00,PRD017,16.53,3,CUS0092,,ST006,PO0013,,
2024-06-07 00:00:00,PRD029,186.49,8,CUS0087,,ST004,PO0061,,
2024-06-08 00:00:00,PRD011,61.73,9,CUS0125,,ST001,PO0073,,
2024-06-08 00:00:00,PRD010,21.24,9,CUS0035,,ST005,PO0113,,
2024-06-08 00:00:00,PRD001,67.45,8,CUS0023,,ST005,PO0059,,
2024-06-08 00:00:00,PRD007,22.0,1,CUS0148,,ST003,PO0082,,
2024-06-08 00:00:00,PRD013,143.06,11,CUS0058,,ST005,PO0053,,
2024-06-08 00:00:00,PRD016,205.22,8,CUS0041,,ST006,PO0094,,
2024-06-08 00:00:00,PRD028,204.68,11,CUS0096,,ST004,PO0090,,
2024-06-09 00:00:00,PRD030,141.01,1,CUS0033,,ST004,PO0112,,
2024-06-09 00:00:00,PRD001,67.45,9,CUS0031,,ST005,PO0046,,
2024-06-09 00:00:00,PRD006,114.15,2,CUS0120,,ST001,PO0067,,
2024-06-09 00:00:00,PRD019,179.06,5,CUS0052,,ST002,PO0080,,
2024-06-09 00:00:00,PRD018,204.37,2,CUS0033,,ST001,PO0118,,
2024-06-09 00:00:00,PRD007,22.0,1,CUS0173,,ST001,PO0107,,
2024-06-09 00:00:00,PRD018,204.37,8,CUS0056,,ST005,PO0035,,
2024-06-09 00:00:00,PRD017,16.53,9,CUS0098,,ST002,PO0007,,
2024-06-10 00:00:00,PRD003,174.02,1,CUS0100,,ST002,PO0059,,
2024-06-10 00:00:00,PRD030,141.01,1,CUS0198,,ST006,PO0106,,
2024-06-10 00:00:00,PRD004,224.66,1,CUS0054,,ST005,PO0088,,
2024-06-10 00:00:00,PRD021,51.54,7,CUS0114,,ST004,PO0005,,
2024-06-10 00:00:00,PRD012,167.72,7,CUS0180,,ST006,PO0042,,
2024-06-10 00:00:00,PRD007,22.0,7,CUS0186,,ST003,PO0017,,
2024-06-10 00:00:00,PRD026,214.16,2,CUS0128,,ST006,PO0084,,
2024-06-10 00:00:00,PRD026,214.16,8,CUS0153,,ST005,PO0012,,
2024-06-11 00:00:00,PRD030,141.01,5,CUS0135,,ST005,PO0080,,
2024-06-11 00:00:00,PRD012,167.72,5,CUS0146,,ST006,PO0039,,
2024-06-11 00:00:00,PRD012,167.72,8,CUS0142,,ST004,PO0009,,
2024-06-11 00:00:00,PRD001,67.45,6,CUS0163,,ST003,PO0097,,
2024-06-11 00:00:00,PRD017,16.53,6,CUS0113,,ST006,PO0025,,
2024-06-11 00:00:00,PRD022,239.95,8,CUS0070,,ST002,PO0010,,
2024-06-12 00:00:00,PRD021,51.54,8,CUS0109,,ST004,PO0089,,
2024-06-12 00:00:00,PRD021,51.54,4,CUS0008,,ST003,PO0008,,
2024-06-12 00:00:00,PRD030,141.01,8,CUS0123,,ST006,PO0018,,
2024-06-12 00:00:00,PRD010,21.24,3,CUS0106,,ST003,PO0034,,
2024-06-12 00:00:00,PRD017,16.53,3,CUS0185,,ST001,PO0084,,
2024-06-12 00:00:00,PRD012,167.72,5,CUS0037,,ST006,PO0103,,
2024-06-12 00:00:00,PRD017,16.53,1,CUS0047,,ST001,PO0001,,
2024-06-13 00:00:00,PRD017,16.53,4,CUS0005,,ST006,PO0001,,
2024-06-13 00:00:00,PRD004,224.66,6,CUS0054,,ST004,PO0077,,
2024-06-13 00:00:00,PRD009,133.76,5,CUS0098,,ST004,PO0069,,
2024-06-13 00:00:00,PRD011,61.73,2,CUS0169,,ST005,PO0105,,
2024-06-13 00:00:00,PRD028,204.68,7,CUS0030,,ST004,PO0033,,
2024-06-13 00:00:00,PRD016,205.22,7,CUS0070,,ST002,PO0004,,
2024-06-14 00:00:00,PRD019,179.06,1,CUS0191,,ST001,PO0071,,
2024-06-14 00:00:00,PRD007,22.0,5,CUS0075,,ST005,PO0035,,
2024-06-14 00:00:00,PRD003,174.02,5,CUS0042,,ST001,PO0036,,
2024-06-14 00:00:00,PRD028,204.68,4,CUS0145,,ST005,PO0028,,
2024-06-14 00:00:00,PRD009,133.76,3,CUS0184,,ST006,PO0016,,
2024-06-14 00:00:00,PRD001,67.45,2,CUS0181,,ST005,PO0082,,
2024-06-14 00:00:00,PRD010,21.24,3,CUS0004,,ST004,PO0084,,
2024-06-15 00:00:00,PRD003,174.02,8,CUS0157,,ST003,PO0024,,
2024-06-15 00:00:00,PRD019,179.06,9,CUS0004,,ST003,PO0053,,
2024-06-15 00:00:00,PRD014,66.8,9,CUS0116,,ST002,PO0033,,
2024-06-15 00:00:00,PRD001,67.45,8,CUS0106,,ST006,PO0056,,
2024-06-15 00:00:00,PRD023,94.1,2,CUS0181,,ST005,PO0034,,
2024-06-15 00:00:00,PRD001,67.45,7,CUS0067,,ST006,PO0092,,
2024-06-15 00:00:00,PRD003,174.02,2,CUS0114,,ST002,PO0040,,
2024-06-15 00:00:00,PRD025,37.73,11,CUS0199,,ST006,PO0058,,
2024-06-15 00:00:00,PRD009,133.76,9,CUS0174,,ST006,PO0018,,
2024-06-16 00:00:00,PRD006,114.15,7,CUS0051,,ST001,PO0054,,
2024-06-16 00:00:00,PRD021,51.54,11,CUS0152,,ST006,PO0090,,
2024-06-16 00:00:00,PRD030,141.01,8,CUS0144,,ST006,PO0025,,
2024-06-17 00:00:00,PRD013,143.06,5,CUS0178,,ST005,PO0020,,
2024-06-17 00:00:00,PRD013,143.06,4,CUS0098,,ST005,PO0107,,
2024-06-17 00:00:00,PRD018,204.37,7,CUS0148,,ST001,PO0066,,
2024-06-17 00:00:00,PRD006,114.15,8,CUS0164,,ST003,PO0012,,
2024-06-17 00:00:00,PRD005,35.43,1,CUS0178,,ST002,PO0083,,
2024-06-18 00:00:00,PRD028,204.68,6,CUS0017,,ST002,PO0036,,
2024-06-18 00:00:00,PRD004,224.66,2,CUS0001,,ST004,PO0112,,
2024-06-18 00:00:00,PRD012,167.72,1,CUS0023,,ST001,PO0007,,
2024-06-18 00:00:00,PRD023,94.1,2,CUS0011,,ST004,PO0007,,
2024-06-18 00:00:00,PRD013,143.06,4,CUS0013,,ST006,PO0061,,
2024-06-18 00:00:00,PRD004,224.66,4,CUS0049,,ST004,PO0090,,
2024-06-18 00:00:00,PRD004,224.66,7,CUS0053,,ST004,PO0024,,
2024-06-18 00:00:00,PRD011,61.73,2,CUS0124,,ST006,PO0062,,
2024-06-19 00:00:00,PRD030,141.01,4,CUS0183,,ST006,PO0104,,
2024-06-19 00:00:00,PRD021,51.54,3,CUS0163,,ST006,PO0041,,
2024-06-19 00:00:00,PRD012,167.72,4,CUS0019,,ST005,PO0080,,
2024-06-19 00:00:00,PRD017,16.53,5,CUS0004,,ST002,PO0120,,
2024-06-19 00:00:00,PRD008,66.38,4,CUS0173,,ST003,PO0033,,
2024-06-19 00:00:00,PRD002,188.07,2,CUS0093,,ST001,PO0115,,
2024-06-20 00:00:00,PRD009,133.76,7,CUS0186,,ST006,PO0095,,
2024-06-20 00:00:00,PRD023,94.1,1,CUS0132,,ST006,PO0047,,
2024-06-20 00:00:00,PRD026,214.16,8,CUS0003,,ST003,PO0027,,
2024-06-20 00:00:00,PRD001,67.45,1,CUS0062,,ST003,PO0021,,
2024-06-20 00:00:00,PRD003,174.02,3,CUS0174,,ST004,PO0020,,
2024-06-20 00:00:00,PRD005,35.43,6,CUS0112,,ST004,PO0120,,
2024-06-21 00:00:00,PRD008,66.38,7,CUS0162,,ST005,PO0074,,
2024-06-21 00:00:00,PRD022,239.95,7,CUS0084,,ST001,PO0088,,
2024-06-21 00:00:00,PRD023,94.1,4,CUS0175,,ST006,PO0009,,
2024-06-21 00:00:00,PRD016,205.22,8,CUS0129,,ST006,PO0044,,
2024-06-21 00:00:00,PRD019,179.06,1,CUS0104,,ST001,PO0028,,
2024-06-21 00:00:00,PRD002,188.07,7,CUS0174,,ST004,PO0045,,
2024-06-22 00:00:00,PRD026,214.16,11,CUS0034,,ST001,PO0041,,
2024-06-22 00:00:00,PRD006,114.15,2,CUS0052,,ST002,PO0062,,
2024-06-22 00:00:00,PRD005,35.43,11,CUS0122,,ST001,PO0083,,
2024-06-23 00:00:00,PRD019,179.06,5,CUS0178,,ST005,PO0056,,
2024-06-23 00:00:00,PRD016,205.22,2,CUS0118,,ST003,PO0083,,
2024-06-23 00:00:00,PRD030,141.01,5,CUS0191,,ST001,PO0074,,
2024-06-24 00:00:00,PRD001,67.45,1,CUS0121,,ST004,PO0066,,
2024-06-24 00:00:00,PRD007,22.0,8,CUS0153,,ST005,PO0009,,
2024-06-24 00:00:00,PRD014,66.8,8,CUS0092,,ST002,PO0022,,
2024-06-24 00:00:00,PRD015,153.48,4,CUS0076,,ST005,PO0021,,
2024-06-24 00:00:00,PRD002,188.07,2,CUS0142,,ST002,PO0061,,
2024-06-24 00:00:00,PRD007,22.0,4,CUS0053,,ST005,PO0007,,
2024-06-24 00:00:00,PRD028,204.68,6,CUS0062,,ST003,PO0086,,
2024-06-24 00:00:00,PRD001,67.45,7,CUS0153,,ST006,PO0002,,
2024-06-24 00:00:00,PRD020,94.96,3,CUS0030,,ST004,PO0052,,
2024-06-24 00:00:00,PRD002,188.07,2,CUS0109,,ST006,PO0017,,
2024-06-25 00:00:00,PRD007,22.0,3,CUS0069,,ST006,PO0027,,
2024-06-25 00:00:00,PRD019,179.06,1,CUS0165,,ST003,PO0097,,
2024-06-25 00:00:00,PRD022,239.95,4,CUS0106,,ST006,PO0109,,
2024-06-25 00:00:00,PRD027,156.88,8,CUS0060,,ST005,PO0029,,
2024-06-25 00:00:00,PRD027,156.88,7,CUS0123,,ST005,PO0017,,
2024-06-25 00:00:00,PRD022,239.95,1,CUS0072,,ST005,PO0079,,
2024-06-25 00:00:00,PRD022,239.95,7,CUS0189,,ST002,PO0110,,
2024-06-25 00:00:00,PRD012,167.72,5,CUS0034,,ST001,PO0050,,
2024-06-26 00:00:00,PRD018,204.37,8,CUS0179,,ST004,PO0003,,
2024-06-26 00:00:00,PRD008,66.38,7,CUS0104,,ST005,PO0097,,
2024-06-27 00:00:00,PRD024,36.8,3,CUS0131,,ST001,PO0052,,
2024-06-27 00:00:00,PRD025,37.73,8,CUS0065,,ST002,PO0060,,
2024-06-27 00:00:00,PRD014,66.8,6,CUS0200,,ST002,PO0038,,
2024-06-27 00:00:00,PRD017,16.53,8,CUS0163,,ST006,PO0048,,
2024-06-27 00:00:00,PRD003,174.02,5,CUS0177,,ST003,PO0018,,
2024-06-28 00:00:00,PRD026,214.16,4,CUS0148,,ST005,PO0084,,
2024-06-29 00:00:00,PRD028,204.68,13,CUS0150,,ST005,PO0086,,
2024-06-29 00:00:00,PRD003,174.02,6,CUS0177,,ST001,PO0085,,
2024-06-29 00:00:00,PRD008,66.38,4,CUS0036,,ST006,PO0070,,
2024-06-29 00:00:00,PRD019,179.06,8,CUS0117,,ST002,PO0080,,
2024-06-30 00:00:00,PRD019,179.06,6,CUS0048,,ST003,PO0036,,
2024-06-30 00:00:00,PRD010,21.24,4,CUS0158,,ST005,PO0064,,
2024-06-30 00:00:00,PRD025,37.73,1,CUS0026,,ST004,PO0063,,
2024-06-30 00:00:00,PRD014,66.8,8,CUS0061,,ST005,PO0036,,
2024-06-30 00:00:00,PRD011,61.73,2,CUS0153,,ST005,PO0101,,
2024-06-30 00:00:00,PRD006,114.15,10,CUS0124,,ST006,PO0080,,
2024-06-30 00:00:00,PRD023,94.1,1,CUS0002,,ST003,PO0065,,
2024-07-01 00:00:00,PRD025,37.73,5,CUS0102,,ST005,PO0025,,
2024-07-01 00:00:00,PRD005,35.43,2,CUS0084,,ST001,PO0078,,
2024-07-01 00:00:00,PRD026,214.16,8,CUS0171,,ST005,PO0052,,
2024-07-01 00:00:00,PRD009,133.76,3,CUS0036,,ST003,PO0047,,
2024-07-01 00:00:00,PRD009,133.76,7,CUS0111,,ST002,PO0088,,
2024-07-01 00:00:00,PRD002,188.07,6,CUS0122,,ST004,PO0112,,
2024-07-01 00:00:00,PRD015,153.48,1,CUS0075,,ST003,PO0068,,
2024-07-02 00:00:00,PRD029,186.49,2,CUS0182,,ST003,PO0068,,
2024-07-02 00:00:00,PRD029,186.49,6,CUS0175,,ST003,PO0052,,
2024-07-02 00:00:00,PRD002,188.07,8,CUS0027,,ST005,PO0112,,
2024-07-02 00:00:00,PRD020,94.96,5,CUS0125,,ST005,PO0014,,
2024-07-02 00:00:00,PRD024,36.8,8,CUS0180,,ST006,PO0055,,
2024-07-02 00:00:00,PRD003,174.02,2,CUS0073,,ST001,PO0031,,
2024-07-02 00:00:00,PRD017,16.53,5,CUS0052,,ST003,PO0017,,
2024-07-02 00:00:00,PRD007,22.0,2,CUS0137,,ST004,PO0028,,
2024-07-02 00:00:00,PRD030,141.01,1,CUS0057,,ST004,PO0030,,
2024-07-03 00:00:00,PRD025,37.73,1,CUS0024,,ST003,PO0042,,
2024-07-03 00:00:00,PRD020,94.96,7,CUS0095,,ST006,PO0008,,
2024-07-03 00:00:00,PRD018,204.37,8,CUS0042,,ST005,PO0027,,
2024-07-03 00:00:00,PRD014,66.8,2,CUS0024,,ST001,PO0040,,
2024-07-03 00:00:00,PRD024,36.8,2,CUS0028,,ST002,PO0085,,
2024-07-03 00:00:00,PRD003,174.02,1,CUS0128,,ST005,PO0022,,
2024-07-04 00:00:00,PRD011,61.73,2,CUS0170,,ST002,PO0054,,
2024-07-04 00:00:00,PRD012,167.72,6,CUS0061,,ST006,PO0036,,
2024-07-04 00:00:00,PRD017,16.53,2,CUS0174,,ST002,PO0049,,
2024-07-04 00:00:00,PRD015,153.48,2,CUS0137,,ST005,PO0046,,
2024-07-04 00:00:00,PRD017,16.53,8,CUS0145,,ST004,PO0112,,
2024-07-04 00:00:00,PRD017,16.53,1,CUS0179,,ST006,PO0083,,
2024-07-04 00:00:00,PRD012,167.72,2,CUS0135,,ST006,PO0050,,
2024-07-04 00:00:00,PRD026,214.16,1,CUS0053,,ST001,PO0047,,
2024-07-05 00:00:00,PRD001,67.45,7,CUS0047,,ST006,PO0118,,
2024-07-05 00:00:00,PRD012,167.72,3,CUS0134,,ST006,PO0078,,
2024-07-05 00:00:00,PRD017,16.53,4,CUS0087,,ST002,PO0077,,
2024-07-06 00:00:00,PRD011,61.73,4,CUS0113,,ST006,PO0014,,
2024-07-06 00:00:00,PRD002,188.07,11,CUS0162,,ST006,PO0016,,
2024-07-07 00:00:00,PRD021,51.54,11,CUS0130,,ST004,PO0082,,
2024-07-07 00:00:00,PRD004,224.66,4,CUS0112,,ST006,PO0055,,
2024-07-07 00:00:00,PRD026,214.16,4,CUS0066,,ST001,PO0115,,
2024-07-07 00:00:00,PRD014,66.8,4,CUS0101,,ST004,PO0107,,
2024-07-07 00:00:00,PRD002,188.07,5,CUS0126,,ST004,PO0114,,
2024-07-07 00:00:00,PRD023,94.1,4,CUS0081,,ST004,PO0074,,
2024-07-07 00:00:00,PRD025,37.73,9,CUS0018,,ST004,PO0108,,
2024-07-07 00:00:00,PRD014,66.8,2,CUS0194,,ST001,PO0065,,
2024-07-08 00:00:00,PRD028,204.68,3,CUS0144,,ST001,PO0075,,
2024-07-08 00:00:00,PRD017,16.53,1,CUS0001,,ST006,PO0072,,
2024-07-08 00:00:00,PRD011,61.73,2,CUS0155,,ST004,PO0015,,
2024-07-09 00:00:00,PRD021,51.54,6,CUS0116,,ST004,PO0065,,
2024-07-09 00:00:00,PRD010,21.24,5,CUS0161,,ST005,PO0046,,
2024-07-09 00:00:00,PRD014,66.8,2,CUS0129,,ST006,PO0116,,
2024-07-09 00:00:00,PRD014,66.8,2,CUS0064,,ST002,PO0064,,
2024-07-09 00:00:00,PRD027,156.88,6,CUS0103,,ST003,PO0058,,
2024-07-09 00:00:00,PRD029,186.49,7,CUS0050,,ST003,PO0014,,
2024-07-09 00:00:00,PRD014,66.8,8,CUS0106,,ST003,PO0118,,
2024-07-10 00:00:00,PRD017,16.53,5,CUS0076,,ST004,PO0004,,
2024-07-10 00:00:00,PRD021,51.54,3,CUS0131,,ST004,PO0054,,
2024-07-10 00:00:00,PRD014,66.8,8,CUS0125,,ST001,PO0038,,
2024-07-10 00:00:00,PRD001,67.45,5,CUS0094,,ST004,PO0115,,
2024-07-10 00:00:00,PRD026,214.16,1,CUS0132,,ST002,PO0009,,
2024-07-11 00:00:00,PRD002,188.07,5,CUS0101,,ST003,PO0015,,
2024-07-11 00:00:00,PRD001,67.45,5,CUS0093,,ST004,PO0058,,
2024-07-11 00:00:00,PRD023,94.1,6,CUS0100,,ST002,PO0108,,
2024-07-11 00:00:00,PRD012,167.72,2,CUS0002,,ST004,PO0082,,
2024-07-11 00:00:00,PRD005,35.43,2,CUS0014,,ST002,PO0031,,
2024-07-11 00:00:00,PRD028,204.68,1,CUS0086,,ST002,PO0106,,
2024-07-11 00:00:00,PRD004,224.66,3,CUS0188,,ST001,PO0071,,
2024-07-12 00:00:00,PRD017,16.53,6,CUS0140,,ST004,PO0013,,
2024-07-12 00:00:00,PRD026,214.16,1,CUS0110,,ST003,PO0072,,
2024-07-12 00:00:00,PRD014,66.8,6,CUS0082,,ST005,PO0055,,
2024-07-12 00:00:00,PRD020,94.96,7,CUS0021,,ST006,PO0085,,
2024-07-12 00:00:00,PRD024,36.8,3,CUS0096,,ST003,PO0071,,
2024-07-13 00:00:00,PRD001,67.45,4,CUS0190,,ST004,PO0041,,
2024-07-13 00:00:00,PRD024,36.8,2,CUS0087,,ST002,PO0040,,
2024-07-13 00:00:00,PRD020,94.96,2,CUS0110,,ST003,PO0046,,
2024-07-14 00:00:00,PRD019,179.06,7,CUS0142,,ST004,PO0006,,
2024-07-14 00:00:00,PRD009,133.76,5,CUS0038,,ST006,PO0020,,
2024-07-14 00:00:00,PRD015,153.48,8,CUS0151,,ST006,PO0117,,
2024-07-14 00:00:00,PRD022,239.95,9,CUS0060,,ST002,PO0034,,
2024-07-14 00:00:00,PRD027,156.88,7,CUS0161,,ST006,PO0078,,
2024-07-14 00:00:00,PRD022,239.95,9,CUS0098,,ST004,PO0070,,
2024-07-15 00:00:00,PRD023,94.1,7,CUS0158,,ST006,PO0067,,
2024-07-15 00:00:00,PRD016,205.22,3,CUS0108,,ST002,PO0083,,
2024-07-15 00:00:00,PRD010,21.24,3,CUS0177,,ST006,PO0011,,
2024-07-15 00:00:00,PRD007,22.0,1,CUS0029,,ST001,PO0098,,
2024-07-15 00:00:00,PRD019,179.06,4,CUS0170,,ST004,PO0093,,
2024-07-16 00:00:00,PRD022,239.95,8,CUS0064,,ST006,PO0005,,
2024-07-16 00:00:00,PRD003,174.02,4,CUS0050,,ST005,PO0085,,
2024-07-17 00:00:00,PRD008,66.38,5,CUS0170,,ST006,PO0047,,
2024-07-17 00:00:00,PRD016,205.22,1,CUS0150,,ST006,PO0074,,
2024-07-17 00:00:00,PRD011,61.73,8,CUS0135,,ST005,PO0090,,
2024-07-17 00:00:00,PRD016,205.22,4,CUS0135,,ST006,PO0064,,
2024-07-17 00:00:00,PRD005,35.43,7,CUS0094,,ST005,PO0088,,
2024-07-17 00:00:00,PRD008,66.38,4,CUS0066,,ST002,PO0043,,
2024-07-17 00:00:00,PRD029,186.49,8,CUS0069,,ST005,PO0077,,
2024-07-17 00:00:00,PRD019,179.06,3,CUS0095,,ST004,PO0048,,
2024-07-17 00:00:00,PRD022,239.95,6,CUS0045,,ST002,PO0031,,
2024-07-17 00:00:00,PRD030,141.01,2,CUS0186,,ST005,PO0116,,
2024-07-18 00:00:00,PRD012,167.72,1,CUS0181,,ST002,PO0027,,
2024-07-18 00:00:00,PRD026,214.16,4,CUS0034,,ST002,PO0040,,
2024-07-18 00:00:00,PRD007,22.0,6,CUS0147,,ST001,PO0104,,
2024-07-18 00:00:00,PRD017,16.53,2,CUS0137,,ST001,PO0083,,
2024-07-18 00:00:00,PRD012,167.72,8,CUS0068,,ST002,PO0068,,
2024-07-18 00:00:00,PRD014,66.8,7,CUS0057,,ST003,PO0011,,
2024-07-18 00:00:00,PRD023,94.1,7,CUS0173,,ST006,PO0095,,
2024-07-18 00:00:00,PRD025,37.73,4,CUS0131,,ST006,PO0037,,
2024-07-19 00:00:00,PRD029,186.49,1,CUS0086,,ST001,PO0014,,
2024-07-19 00:00:00,PRD004,224.66,5,CUS0163,,ST002,PO0039,,
2024-07-19 00:00:00,PRD015,153.48,7,CUS0019,,ST005,PO0094,,
2024-07-19 00:00:00,PRD030,141.01,2,CUS0090,,ST003,PO0109,,
2024-07-19 00:00:00,PRD007,22.0,4,CUS0198,,ST005,PO0094,,
2024-07-19 00:00:00,PRD029,186.49,2,CUS0080,,ST006,PO0056,,
2024-07-19 00:00:00,PRD023,94.1,3,CUS0181,,ST005,PO0115,,
2024-07-20 00:00:00,PRD013,143.06,2,CUS0152,,ST005,PO0008,,
2024-07-20 00:00:00,PRD003,174.02,4,CUS0034,,ST003,PO0011,,
2024-07-20 00:00:00,PRD013,143.06,1,CUS0062,,ST002,PO0036,,
2024-07-20 00:00:00,PRD030,141.01,11,CUS0017,,ST005,PO0108,,
2024-07-20 00:00:00,PRD020,94.96,11,CUS0193,,ST005,PO0074,,
2024-07-20 00:00:00,PRD009,133.76,7,CUS0078,,ST001,PO0120,,
2024-07-20 00:00:00,PRD003,174.02,4,CUS0023,,ST006,PO0049,,
2024-07-21 00:00:00,PRD009,133.76,4,CUS0115,,ST002,PO0094,,
2024-07-21 00:00:00,PRD008,66.38,1,CUS0143,,ST004,PO0067,,
2024-07-21 00:00:00,PRD002,188.07,9,CUS0191,,ST003,PO0116,,
2024-07-21 00:00:00,PRD025,37.73,8,CUS0139,,ST001,PO0086,,
2024-07-22 00:00:00,PRD005,35.43,2,CUS0096,,ST004,PO0059,,
2024-07-22 00:00:00,PRD023,94.1,6,CUS0075,,ST006,PO0089,,
2024-07-22 00:00:00,PRD013,143.06,5,CUS0199,,ST003,PO0060,,
2024-07-22 00:00:00,PRD030,141.01,7,CUS0043,,ST004,PO0057,,
2024-07-22 00:00:00,PRD014,66.8,4,CUS0193,,ST005,PO0017,,
2024-07-22 00:00:00,PRD024,36.8,5,CUS0002,,ST002,PO0105,,
2024-07-22 00:00:00,PRD026,214.16,1,CUS0186,,ST001,PO0037,,
2024-07-22 00:00:00,PRD003,174.02,2,CUS0077,,ST002,PO0073,,
2024-07-23 00:00:00,PRD011,61.73,2,CUS0090,,ST004,PO0120,,
2024-07-23 00:00:00,PRD008,66.38,7,CUS0034,,ST001,PO0014,,
2024-07-23 00:00:00,PRD028,204.68,7,CUS0157,,ST001,PO0046,,
2024-07-23 00:00:00,PRD010,21.24,4,CUS0102,,ST001,PO0002,,
2024-07-24 00:00:00,PRD030,141.01,8,CUS0060,,ST005,PO0028,,
2024-07-24 00:00:00,PRD028,204.68,1,CUS0071,,ST002,PO0119,,
2024-07-24 00:00:00,PRD015,153.48,6,CUS0141,,ST005,PO0090,,
2024-07-24 00:00:00,PRD006,114.15,3,CUS0112,,ST001,PO0051,,
2024-07-24 00:00:00,PRD022,239.95,2,CUS0120,,ST003,PO0100,,
2024-07-24 00:00:00,PRD005,35.43,2,CUS0190,,ST002,PO0009,,
2024-07-24 00:00:00,PRD001,67.45,1,CUS0057,,ST004,PO0024,,
2024-07-25 00:00:00,PRD023,94.1,3,CUS0159,,ST005,PO0088,,
2024-07-25 00:00:00,PRD024,36.8,7,CUS0068,,ST005,PO0064,,
2024-07-25 00:00:00,PRD003,174.02,2,CUS0060,,ST004,PO0093,,
2024-07-25 00:00:00,PRD003,174.02,5,CUS0166,,ST006,PO0020,,
2024-07-25 00:00:00,PRD006,114.15,4,CUS0021,,ST004,PO0057,,
2024-07-25 00:00:00,PRD030,141.01,1,CUS0059,,ST002,PO0094,,
2024-07-26 00:00:00,PRD002,188.07,8,CUS0143,,ST006,PO0071,,
2024-07-26 00:00:00,PRD013,143.06,2,CUS0154,,ST001,PO0088,,
2024-07-26 00:00:00,PRD028,204.68,2,CUS0021,,ST002,PO0044,,
2024-07-27 00:00:00,PRD025,37.73,8,CUS0024,,ST006,PO0011,,
2024-07-27 00:00:00,PRD024,36.8,11,CUS0195,,ST005,PO0112,,
2024-07-28 00:00:00,PRD012,167.72,2,CUS0066,,ST005,PO0026,,
2024-07-28 00:00:00,PRD025,37.73,1,CUS0032,,ST004,PO0120,,
2024-07-28 00:00:00,PRD007,22.0,9,CUS0029,,ST001,PO0067,,
2024-07-28 00:00:00,PRD025,37.73,13,CUS0036,,ST006,PO0039,,
2024-07-28 00:00:00,PRD019,179.06,13,CUS0037,,ST003,PO0111,,
2024-07-29 00:00:00,PRD027,156.88,7,CUS0015,,ST006,PO0032,,
2024-07-29 00:00:00,PRD005,35.43,8,CUS0041,,ST001,PO0017,,
2024-07-29 00:00:00,PRD014,66.8,9,CUS0016,,ST001,PO0036,,
2024-07-29 00:00:00,PRD024,36.8,7,CUS0168,,ST006,PO0101,,
2024-07-29 00:00:00,PRD015,153.48,3,CUS0150,,ST002,PO0080,,
2024-07-29 00:00:00,PRD009,133.76,6,CUS0099,,ST006,PO0063,,
2024-07-29 00:00:00,PRD006,114.15,9,CUS0012,,ST001,PO0034,,
2024-07-29 00:00:00,PRD015,153.48,1,CUS0063,,ST001,PO0017,,
2024-07-29 00:00:00,PRD009,133.76,7,CUS0009,,ST001,PO0073,,
2024-07-29 00:00:00,PRD022,239.95,2,CUS0028,,ST006,PO0074,,
2024-07-30 00:00:00,PRD005,35.43,6,CUS0040,,ST003,PO0002,,
2024-07-30 00:00:00,PRD019,179.06,8,CUS0143,,ST005,PO0018,,
2024-07-30 00:00:00,PRD022,239.95,2,CUS0128,,ST002,PO0048,,
2024-07-30 00:00:00,PRD005,35.43,7,CUS0036,,ST006,PO0118,,
2024-07-30 00:00:00,PRD018,204.37,7,CUS0184,,ST004,PO0113,,
2024-07-30 00:00:00,PRD004,224.66,1,CUS0145,,ST002,PO0095,,
2024-07-30 00:00:00,PRD002,188.07,8,CUS0078,,ST004,PO0096,,
2024-07-31 00:00:00,PRD023,94.1,8,CUS0191,,ST003,PO0050,,
2024-07-31 00:00:00,PRD002,188.07,7,CUS0162,,ST006,PO0032,,
2024-07-31 00:00:00,PRD012,167.72,1,CUS0136,,ST003,PO0049,,
2024-07-31 00:00:00,PRD001,67.45,9,CUS0126,,ST002,PO0011,,
2024-07-31 00:00:00,PRD003,174.02,2,CUS0197,,ST006,PO0074,,
2024-08-01 00:00:00,PRD008,66.38,6,CUS0070,,ST001,PO0074,,
2024-08-01 00:00:00,PRD029,186.49,3,CUS0196,,ST002,PO0061,,
2024-08-01 00:00:00,PRD026,214.16,8,CUS0098,,ST001,PO0071,,
2024-08-01 00:00:00,PRD016,205.22,7,CUS0039,,ST003,PO0049,,
2024-08-02 00:00:00,PRD018,204.37,3,CUS0156,,ST001,PO0023,,
2024-08-02 00:00:00,PRD010,21.24,8,CUS0016,,ST002,PO0092,,
2024-08-02 00:00:00,PRD030,141.01,1,CUS0143,,ST002,PO0025,,
2024-08-02 00:00:00,PRD022,239.95,3,CUS0106,,ST004,PO0113,,
2024-08-03 00:00:00,PRD010,21.24,7,CUS0124,,ST001,PO0047,,
2024-08-03 00:00:00,PRD016,205.22,11,CUS0081,,ST001,PO0051,,
2024-08-03 00:00:00,PRD012,167.72,7,CUS0006,,ST006,PO0061,,
2024-08-03 00:00:00,PRD024,36.8,5,CUS0180,,ST001,PO0031,,
2024-08-04 00:00:00,PRD007,22.0,1,CUS0064,,ST003,PO0006,,
2024-08-04 00:00:00,PRD015,153.48,2,CUS0194,,ST004,PO0104,,
2024-08-04 00:00:00,PRD009,133.76,2,CUS0188,,ST001,PO0108,,
2024-08-04 00:00:00,PRD014,66.8,5,CUS0037,,ST001,PO0023,,
2024-08-04 00:00:00,PRD025,37.73,9,CUS0019,,ST004,PO0077,,
2024-08-04 00:00:00,PRD017,16.53,2,CUS0175,,ST004,PO0026,,
2024-08-04 00:00:00,PRD024,36.8,9,CUS0195,,ST002,PO0105,,
2024-08-04 00:00:00,PRD030,141.01,5,CUS0133,,ST005,PO0104,,
2024-08-05 00:00:00,PRD029,186.49,4,CUS0108,,ST006,PO0097,,
2024-08-05 00:00:00,PRD008,66.38,7,CUS0196,,ST006,PO0069,,
2024-08-05 00:00:00,PRD025,37.73,4,CUS0063,,ST004,PO0005,,
2024-08-05 00:00:00,PRD026,214.16,7,CUS0036,,ST005,PO0077,,
2024-08-05 00:00:00,PRD023,94.1,3,CUS0117,,ST005,PO0055,,
2024-08-06 00:00:00,PRD020,94.96,5,CUS0179,,ST005,PO0070,,
2024-08-06 00:00:00,PRD004,224.66,3,CUS0015,,ST001,PO0046,,
2024-08-06 00:00:00,PRD022,239.95,5,CUS0178,,ST003,PO0065,,
2024-08-06 00:00:00,PRD030,141.01,6,CUS0099,,ST003,PO0002,,
2024-08-06 00:00:00,PRD002,188.07,5,CUS0038,,ST001,PO0042,,
2024-08-07 00:00:00,PRD018,204.37,2,CUS0087,,ST006,PO0087,,
2024-08-07 00:00:00,PRD006,114.15,4,CUS0127,,ST003,PO0042,,
2024-08-07 00:00:00,PRD002,188.07,8,CUS0099,,ST001,PO0005,,
2024-08-07 00:00:00,PRD014,66.8,4,CUS0122,,ST006,PO0101,,
2024-08-07 00:00:00,PRD006,114.15,5,CUS0039,,ST001,PO0048,,
2024-08-07 00:00:00,PRD003,174.02,6,CUS0095,,ST006,PO0114,,
2024-08-07 00:00:00,PRD027,156.88,4,CUS0064,,ST003,PO0056,,
2024-08-07 00:00:00,PRD027,156.88,3,CUS0158,,ST002,PO0101,,
2024-08-07 00:00:00,PRD017,16.53,7,CUS0105,,ST004,PO0110,,
2024-08-07 00:00:00,PRD007,22.0,5,CUS0135,,ST001,PO0034,,
2024-08-08 00:00:00,PRD022,239.95,6,CUS0176,,ST005,PO0012,,
2024-08-08 00:00:00,PRD018,204.37,3,CUS0077,,ST003,PO0078,,
2024-08-08 00:00:00,PRD027,156.88,4,CUS0158,,ST006,PO0014,,
2024-08-08 00:00:00,PRD021,51.54,7,CUS0095,,ST001,PO0090,,
2024-08-08 00:00:00,PRD028,204.68,2,CUS0003,,ST001,PO0034,,
2024-08-09 00:00:00,PRD022,239.95,7,CUS0161,,ST003,PO0092,,
2024-08-09 00:00:00,PRD011,61.73,8,CUS0041,,ST005,PO0074,,
2024-08-09 00:00:00,PRD003,174.02,7,CUS0095,,ST004,PO0041,,
2024-08-09 00:00:00,PRD023,94.1,2,CUS0027,,ST006,PO0008,,
2024-08-10 00:00:00,PRD018,204.37,8,CUS0145,,ST001,PO0115,,
2024-08-10 00:00:00,PRD003,174.02,8,CUS0023,,ST005,PO0002,,
2024-08-10 00:00:00,PRD019,179.06,1,CUS0092,,ST006,PO0026,,
2024-08-10 00:00:00,PRD007,22.0,8,CUS0140,,ST006,PO0031,,
2024-08-10 00:00:00,PRD029,186.49,9,CUS0007,,ST005,PO0032,,
2024-08-10 00:00:00,PRD016,205.22,8,CUS0004,,ST002,PO0102,,
2024-08-10 00:00:00,PRD008,66.38,4,CUS0061,,ST003,PO0034,,
2024-08-10 00:00:00,PRD012,167.72,11,CUS0173,,ST004,PO0016,,
2024-08-10 00:00:00,PRD022,239.95,11,CUS0075,,ST003,PO0063,,
2024-08-10 00:00:00,PRD010,21.24,1,CUS0074,,ST004,PO0049,,
2024-08-10 00:00:00,PRD016,205.22,8,CUS0038,,ST004,PO0012,,
2024-08-10 00:00:00,PRD027,156.88,2,CUS0117,,ST005,PO0078,,
2024-08-11 00:00:00,PRD002,188.07,2,CUS0124,,ST004,PO0068,,
2024-08-11 00:00:00,PRD024,36.8,11,CUS0167,,ST003,PO0023,,
2024-08-11 00:00:00,PRD007,22.0,8,CUS0080,,ST005,PO0114,,
2024-08-12 00:00:00,PRD027,156.88,8,CUS0194,,ST001,PO0014,,
2024-08-12 00:00:00,PRD023,94.1,1,CUS0060,,ST001,PO0020,,
2024-08-12 00:00:00,PRD006,114.15,8,CUS0177,,ST003,PO0111,,
2024-08-12 00:00:00,PRD014,66.8,3,CUS0036,,ST003,PO0096,,
2024-08-12 00:00:00,PRD011,61.73,6,CUS0197,,ST006,PO0053,,
2024-08-12 00:00:00,PRD003,174.02,8,CUS0082,,ST001,PO0039,,
2024-08-12 00:00:00,PRD002,188.07,2,CUS0161,,ST004,PO0075,,
2024-08-12 00:00:00,PRD004,224.66,7,CUS0102,,ST006,PO0004,,
2024-08-12 00:00:00,PRD024,36.8,5,CUS0188,,ST001,PO0048,,
2024-08-13 00:00:00,PRD012,167.72,4,CUS0109,,ST001,PO0095,,
2024-08-14 00:00:00,PRD030,141.01,3,CUS0113,,ST001,PO0119,,
2024-08-14 00:00:00,PRD002,188.07,5,CUS0027,,ST001,PO0010,,
2024-08-14 00:00:00,PRD019,179.06,6,CUS0045,,ST006,PO0039,,
2024-08-14 00:00:00,PRD021,51.54,6,CUS0069,,ST006,PO0054,,
2024-08-14 00:00:00,PRD003,174.02,1,CUS0078,,ST005,PO0081,,
2024-08-14 00:00:00,PRD028,204.68,1,CUS0017,,ST004,PO0009,,
2024-08-14 00:00:00,PRD003,174.02,5,CUS0166,,ST001,PO0111,,
2024-08-14 00:00:00,PRD005,35.43,4,CUS0023,,ST001,PO0018,,
2024-08-15 00:00:00,PRD015,153.48,6,CUS0035,,ST003,PO0041,,
2024-08-15 00:00:00,PRD006,114.15,3,CUS0063,,ST002,PO0103,,
2024-08-15 00:00:00,PRD017,16.53,8,CUS0121,,ST001,PO0111,,
2024-08-15 00:00:00,PRD013,143.06,7,CUS0114,,ST003,PO0021,,
2024-08-15 00:00:00,PRD020,94.96,1,CUS0075,,ST002,PO0009,,
2024-08-15 00:00:00,PRD002,188.07,6,CUS0108,,ST002,PO0096,,
2024-08-15 00:00:00,PRD026,214.16,6,CUS0195,,ST003,PO0014,,
2024-08-15 00:00:00,PRD023,94.1,6,CUS0003,,ST001,PO0015,,
2024-08-15 00:00:00,PRD027,156.88,6,CUS0059,,ST005,PO0006,,
2024-08-16 00:00:00,PRD011,61.73,3,CUS0009,,ST005,PO0080,,
2024-08-16 00:00:00,PRD016,205.22,8,CUS0018,,ST001,PO0074,,
2024-08-16 00:00:00,PRD024,36.8,2,CUS0095,,ST006,PO0068,,
2024-08-16 00:00:00,PRD017,16.53,2,CUS0132,,ST004,PO0025,,
2024-08-16 00:00:00,PRD019,179.06,5,CUS0161,,ST002,PO0016,,
2024-08-16 00:00:00,PRD024,36.8,1,CUS0063,,ST006,PO0006,,
2024-08-16 00:00:00,PRD030,141.01,2,CUS0103,,ST005,PO0104,,
2024-08-17 00:00:00,PRD008,66.38,7,CUS0147,,ST006,PO0001,,
2024-08-17 00:00:00,PRD015,153.48,4,CUS0053,,ST006,PO0018,,
2024-08-17 00:00:00,PRD009,133.76,4,CUS0187,,ST003,PO0012,,
2024-08-18 00:00:00,PRD008,66.38,1,CUS0010,,ST003,PO0008,,
2024-08-18 00:00:00,PRD020,94.96,1,CUS0046,,ST004,PO0076,,
2024-08-18 00:00:00,PRD027,156.88,1,CUS0092,,ST001,PO0063,,
2024-08-18 00:00:00,PRD008,66.38,5,CUS0052,,ST003,PO0073,,
2024-08-19 00:00:00,PRD013,143.06,5,CUS0056,,ST005,PO0039,,
2024-08-19 00:00:00,PRD024,36.8,5,CUS0054,,ST002,PO0074,,
2024-08-19 00:00:00,PRD023,94.1,2,CUS0025,,ST006,PO0029,,
2024-08-19 00:00:00,PRD001,67.45,2,CUS0163,,ST001,PO0052,,
2024-08-20 00:00:00,PRD023,94.1,6,CUS0061,,ST006,PO0075,,
2024-08-20 00:00:00,PRD008,66.38,7,CUS0026,,ST006,PO0068,,
2024-08-20 00:00:00,PRD010,14.87,1,CUS0165,PROMO004,ST006,PO0084,,
2024-08-20 00:00:00,PRD003,174.02,5,CUS0147,,ST005,PO0040,,
2024-08-21 00:00:00,PRD020,94.96,1,CUS0110,,ST002,PO0089,,
2024-08-21 00:00:00,PRD014,66.8,6,CUS0016,,ST005,PO0082,,
2024-08-21 00:00:00,PRD002,188.07,5,CUS0099,,ST006,PO0109,,
2024-08-21 00:00:00,PRD001,67.45,1,CUS0063,,ST005,PO0069,,
2024-08-21 00:00:00,PRD010,14.87,8,CUS0182,PROMO004,ST004,PO0061,,
2024-08-21 00:00:00,PRD002,188.07,4,CUS0095,,ST003,PO0085,,
2024-08-22 00:00:00,PRD003,174.02,5,CUS0052,,ST001,PO0019,,
2024-08-22 00:00:00,PRD011,61.73,3,CUS0173,,ST006,PO0103,,
2024-08-22 00:00:00,PRD004,224.66,4,CUS0110,,ST004,PO0100,,
2024-08-22 00:00:00,PRD002,188.07,2,CUS0068,,ST006,PO0111,,
2024-08-23 00:00:00,PRD016,205.22,6,CUS0177,,ST001,PO0002,,
2024-08-23 00:00:00,PRD019,179.06,1,CUS0032,,ST002,PO0057,,
2024-08-23 00:00:00,PRD022,239.95,6,CUS0077,,ST003,PO0014,,
2024-08-23 00:00:00,PRD014,66.8,7,CUS0183,,ST005,PO0015,,
2024-08-23 00:00:00,PRD011,61.73,8,CUS0117,,ST006,PO0035,,
2024-08-23 00:00:00,PRD015,153.48,1,CUS0124,,ST001,PO0034,,
2024-08-23 00:00:00,PRD030,141.01,7,CUS0146,,ST005,PO0116,,
2024-08-23 00:00:00,PRD004,224.66,3,CUS0142,,ST004,PO0032,,
2024-08-24 00:00:00,PRD004,224.66,4,CUS0047,,ST004,PO0006,,
2024-08-24 00:00:00,PRD006,114.15,1,CUS0189,,ST001,PO0037,,
2024-08-24 00:00:00,PRD010,14.87,9,CUS0162,PROMO004,ST002,PO0024,,
2024-08-24 00:00:00,PRD001,67.45,5,CUS0188,,ST006,PO0076,,
2024-08-25 00:00:00,PRD013,143.06,4,CUS0089,,ST001,PO0062,,
2024-08-25 00:00:00,PRD008,66.38,4,CUS0122,,ST004,PO0003,,
2024-08-25 00:00:00,PRD023,94.1,1,CUS0161,,ST001,PO0050,,
2024-08-25 00:00:00,PRD003,174.02,9,CUS0137,,ST004,PO0106,,
2024-08-25 00:00:00,PRD022,239.95,5,CUS0007,,ST001,PO0020,,
2024-08-25 00:00:00,PRD003,174.02,7,CUS0168,,ST002,PO0001,,
2024-08-26 00:00:00,PRD009,133.76,6,CUS0110,,ST004,PO0060,,
2024-08-26 00:00:00,PRD025,37.73,5,CUS0041,,ST004,PO0088,,
2024-08-26 00:00:00,PRD005,35.43,5,CUS0058,,ST003,PO0073,,
2024-08-26 00:00:00,PRD020,94.96,8,CUS0108,,ST002,PO0098,,
2024-08-27 00:00:00,PRD002,188.07,5,CUS0154,,ST005,PO0021,,
2024-08-27 00:00:00,PRD022,239.95,5,CUS0071,,ST004,PO0067,,
2024-08-27 00:00:00,PRD028,204.68,3,CUS0076,,ST006,PO0092,,
2024-08-27 00:00:00,PRD022,239.95,5,CUS0043,,ST006,PO0026,,
2024-08-27 00:00:00,PRD003,174.02,3,CUS0115,,ST001,PO0062,,
2024-08-28 00:00:00,PRD016,205.22,1,CUS0109,,ST005,PO0051,,
2024-08-28 00:00:00,PRD030,141.01,9,CUS0012,,ST001,PO0084,,
2024-08-28 00:00:00,PRD023,94.1,7,CUS0053,,ST003,PO0041,,
2024-08-28 00:00:00,PRD012,167.72,2,CUS0043,,ST005,PO0050,,
2024-08-28 00:00:00,PRD024,36.8,4,CUS0040,,ST002,PO0001,,
2024-08-28 00:00:00,PRD027,156.88,7,CUS0108,,ST003,PO0103,,
2024-08-29 00:00:00,PRD007,22.0,7,CUS0197,,ST005,PO0030,,
2024-08-29 00:00:00,PRD022,239.95,4,CUS0196,,ST002,PO0088,,
2024-08-29 00:00:00,PRD012,167.72,6,CUS0042,,ST002,PO0108,,
2024-08-29 00:00:00,PRD001,67.45,7,CUS0099,,ST002,PO0023,,
2024-08-30 00:00:00,PRD018,204.37,2,CUS0127,,ST005,PO0083,,
2024-08-30 00:00:00,PRD015,153.48,1,CUS0046,,ST004,PO0064,,
2024-08-30 00:00:00,PRD021,51.54,1,CUS0192,,ST002,PO0072,,
2024-08-30 00:00:00,PRD005,35.43,3,CUS0042,,ST002,PO0029,,
2024-08-30 00:00:00,PRD017,16.53,4,CUS0088,,ST001,PO0106,,
2024-08-30 00:00:00,PRD024,36.8,3,CUS0137,,ST002,PO0018,,
2024-08-30 00:00:00,PRD018,204.37,2,CUS0079,,ST004,PO0061,,
2024-08-30 00:00:00,PRD016,205.22,3,CUS0014,,ST001,PO0066,,
2024-08-30 00:00:00,PRD024,36.8,6,CUS0194,,ST005,PO0086,,
2024-08-31 00:00:00,PRD006,114.15,1,CUS0137,,ST005,PO0097,,
2024-08-31 00:00:00,PRD001,67.45,9,CUS0046,,ST001,PO0087,,
2024-08-31 00:00:00,PRD016,205.22,1,CUS0031,,ST006,PO0120,,
2024-08-31 00:00:00,PRD023,94.1,2,CUS0171,,ST002,PO0119,,
2024-08-31 00:00:00,PRD021,51.54,9,CUS0079,,ST001,PO0083,,
2024-08-31 00:00:00,PRD008,66.38,2,CUS0188,,ST004,PO0038,,
2024-08-31 00:00:00,PRD007,22.0,6,CUS0072,,ST002,PO0047,,
2024-08-31 00:00:00,PRD007,22.0,4,CUS0053,,ST002,PO0082,,
2024-08-31 00:00:00,PRD029,186.49,1,CUS0141,,ST004,PO0034,,
2024-08-31 00:00:00,PRD019,179.06,8,CUS0122,,ST006,PO0097,,
2024-09-01 00:00:00,PRD012,167.72,9,CUS0167,,ST002,PO0015,,
2024-09-01 00:00:00,PRD006,114.15,5,CUS0022,,ST003,PO0077,,
2024-09-01 00:00:00,PRD004,224.66,5,CUS0127,,ST003,PO0091,,
2024-09-01 00:00:00,PRD012,167.72,4,CUS0129,,ST005,PO0061,,
2024-09-01 00:00:00,PRD020,94.96,2,CUS0059,,ST004,PO0012,,
2024-09-01 00:00:00,PRD008,66.38,7,CUS0003,,ST004,PO0103,,
2024-09-01 00:00:00,PRD022,239.95,11,CUS0173,,ST001,PO0002,,
2024-09-02 00:00:00,PRD026,214.16,4,CUS0042,,ST004,PO0010,,
2024-09-02 00:00:00,PRD005,35.43,2,CUS0116,,ST004,PO0031,,
2024-09-02 00:00:00,PRD015,153.48,4,CUS0152,,ST002,PO0083,,
2024-09-02 00:00:00,PRD022,239.95,3,CUS0063,,ST001,PO0070,,
2024-09-02 00:00:00,PRD001,67.45,7,CUS0137,,ST005,PO0119,,
2024-09-02 00:00:00,PRD024,36.8,1,CUS0036,,ST006,PO0071,,
2024-09-02 00:00:00,PRD029,186.49,8,CUS0044,,ST003,PO0099,,
2024-09-02 00:00:00,PRD025,37.73,1,CUS0131,,ST004,PO0083,,
2024-09-03 00:00:00,PRD004,224.66,2,CUS0087,,ST003,PO0082,,
2024-09-03 00:00:00,PRD027,156.88,2,CUS0146,,ST005,PO0120,,
2024-09-03 00:00:00,PRD009,133.76,1,CUS0196,,ST004,PO0055,,
2024-09-03 00:00:00,PRD013,143.06,6,CUS0159,,ST003,PO0064,,
2024-09-03 00:00:00,PRD013,143.06,1,CUS0129,,ST002,PO0057,,
2024-09-04 00:00:00,PRD029,186.49,1,CUS0111,,ST006,PO0022,,
2024-09-04 00:00:00,PRD023,94.1,3,CUS0049,,ST003,PO0119,,
2024-09-04 00:00:00,PRD004,224.66,7,CUS0011,,ST002,PO0014,,
2024-09-04 00:00:00,PRD016,205.22,6,CUS0029,,ST005,PO0062,,
2024-09-04 00:00:00,PRD014,66.8,6,CUS0074,,ST001,PO0019,,
2024-09-04 00:00:00,PRD015,153.48,1,CUS0105,,ST006,PO0030,,
2024-09-04 00:00:00,PRD003,174.02,5,CUS0199,,ST003,PO0019,,
2024-09-04 00:00:00,PRD010,21.24,3,CUS0125,,ST006,PO0090,,
2024-09-05 00:00:00,PRD011,61.73,7,CUS0109,,ST006,PO0116,,
2024-09-05 00:00:00,PRD017,16.53,8,CUS0060,,ST006,PO0008,,
2024-09-05 00:00:00,PRD012,167.72,5,CUS0038,,ST004,PO0014,,
2024-09-06 00:00:00,PRD025,37.73,2,CUS0002,,ST001,PO0023,,
2024-09-06 00:00:00,PRD028,204.68,5,CUS0088,,ST003,PO0099,,
2024-09-06 00:00:00,PRD029,186.49,2,CUS0152,,ST005,PO0060,,
2024-09-06 00:00:00,PRD029,186.49,6,CUS0092,,ST002,PO0086,,
2024-09-06 00:00:00,PRD003,174.02,7,CUS0035,,ST001,PO0018,,
2024-09-06 00:00:00,PRD016,205.22,6,CUS0149,,ST001,PO0112,,
2024-09-06 00:00:00,PRD012,167.72,1,CUS0092,,ST001,PO0079,,
2024-09-07 00:00:00,PRD013,143.06,7,CUS0165,,ST005,PO0010,,
2024-09-07 00:00:00,PRD003,174.02,7,CUS0024,,ST006,PO0070,,
2024-09-07 00:00:00,PRD029,186.49,1,CUS0032,,ST005,PO0045,,
2024-09-07 00:00:00,PRD024,36.8,2,CUS0177,,ST006,PO0027,,
2024-09-07 00:00:00,PRD025,37.73,9,CUS0138,,ST001,PO0101,,
2024-09-07 00:00:00,PRD006,114.15,5,CUS0187,,ST001,PO0101,,
2024-09-07 00:00:00,PRD005,35.43,11,CUS0118,,ST002,PO0094,,
2024-09-07 00:00:00,PRD010,21.24,8,CUS0153,,ST004,PO0079,,
2024-09-07 00:00:00,PRD005,35.43,9,CUS0042,,ST002,PO0065,,
2024-09-07 00:00:00,PRD005,35.43,4,CUS0139,,ST006,PO0008,,
2024-09-08 00:00:00,PRD015,153.48,1,CUS0088,,ST004,PO0024,,
2024-09-08 00:00:00,PRD009,133.76,8,CUS0086,,ST003,PO0015,,
2024-09-08 00:00:00,PRD002,188.07,8,CUS0062,,ST003,PO0036,,
2024-09-08 00:00:00,PRD015,153.48,2,CUS0102,,ST004,PO0067,,
2024-09-08 00:00:00,PRD021,51.54,2,CUS0120,,ST006,PO0008,,
2024-09-08 00:00:00,PRD019,179.06,1,CUS0025,,ST001,PO0100,,
2024-09-08 00:00:00,PRD005,35.43,8,CUS0155,,ST005,PO0066,,
2024-09-08 00:00:00,PRD009,133.76,5,CUS0157,,ST004,PO0023,,
2024-09-09 00:00:00,PRD010,21.24,5,CUS0045,,ST004,PO0005,,
2024-09-09 00:00:00,PRD001,67.45,3,CUS0024,,ST005,PO0010,,
2024-09-09 00:00:00,PRD021,51.54,1,CUS0109,,ST006,PO0066,,
2024-09-09 00:00:00,PRD026,214.16,4,CUS0188,,ST005,PO0098,,
2024-09-09 00:00:00,PRD014,66.8,1,CUS0196,,ST005,PO0006,,
2024-09-10 00:00:00,PRD001,67.45,8,CUS0003,,ST002,PO0109,,
2024-09-10 00:00:00,PRD020,94.96,7,CUS0034,,ST004,PO0110,,
2024-09-10 00:00:00,PRD007,22.0,1,CUS0114,,ST003,PO0091,,
2024-09-10 00:00:00,PRD007,22.0,3,CUS0118,,ST002,PO0105,,
2024-09-10 00:00:00,PRD029,186.49,2,CUS0147,,ST001,PO0035,,
2024-09-11 00:00:00,PRD028,204.68,5,CUS0067,,ST004,PO0052,,
2024-09-11 00:00:00,PRD003,174.02,3,CUS0168,,ST006,PO0001,,
2024-09-11 00:00:00,PRD022,239.95,2,CUS0138,,ST002,PO0037,,
2024-09-12 00:00:00,PRD017,16.53,1,CUS0156,,ST004,PO0031,,
2024-09-12 00:00:00,PRD007,22.0,2,CUS0085,,ST001,PO0037,,
2024-09-12 00:00:00,PRD006,114.15,5,CUS0196,,ST006,PO0099,,
2024-09-12 00:00:00,PRD019,179.06,3,CUS0118,,ST003,PO0020,,
2024-09-12 00:00:00,PRD025,37.73,5,CUS0052,,ST002,PO0049,,
2024-09-12 00:00:00,PRD029,186.49,4,CUS0183,,ST005,PO0035,,
2024-09-12 00:00:00,PRD021,51.54,2,CUS0161,,ST003,PO0045,,
2024-09-13 00:00:00,PRD020,94.96,2,CUS0134,,ST006,PO0107,,
2024-09-13 00:00:00,PRD026,214.16,6,CUS0014,,ST001,PO0056,,
2024-09-13 00:00:00,PRD009,133.76,4,CUS0130,,ST005,PO0009,,
2024-09-14 00:00:00,PRD010,21.24,8,CUS0182,,ST001,PO0098,,
2024-09-14 00:00:00,PRD015,153.48,2,CUS0116,,ST005,PO0105,,
2024-09-14 00:00:00,PRD022,239.95,1,CUS0017,,ST003,PO0056,,
2024-09-14 00:00:00,PRD022,239.95,4,CUS0031,,ST004,PO0023,,
2024-09-14 00:00:00,PRD026,214.16,1,CUS0030,,ST006,PO0085,,
2024-09-14 00:00:00,PRD019,179.06,2,CUS0129,,ST002,PO0004,,
2024-09-14 00:00:00,PRD005,35.43,1,CUS0043,,ST005,PO0036,,
2024-09-14 00:00:00,PRD028,204.68,7,CUS0177,,ST001,PO0082,,
2024-09-14 00:00:00,PRD030,141.01,2,CUS0071,,ST006,PO0074,,
2024-09-14 00:00:00,PRD025,37.73,8,CUS0101,,ST006,PO0100,,
2024-09-14 00:00:00,PRD004,224.66,7,CUS0043,,ST001,PO0106,,
2024-09-15 00:00:00,PRD025,37.73,4,CUS0032,,ST003,PO0092,,
2024-09-15 00:00:00,PRD008,66.38,4,CUS0022,,ST003,PO0048,,
2024-09-15 00:00:00,PRD019,179.06,9,CUS0030,,ST003,PO0008,,
2024-09-15 00:00:00,PRD003,174.02,2,CUS0057,,ST004,PO0038,,
2024-09-15 00:00:00,PRD003,174.02,8,CUS0169,,ST002,PO0069,,
2024-09-17 00:00:00,PRD024,36.8,3,CUS0178,,ST005,PO0023,,
2024-09-17 00:00:00,PRD024,36.8,7,CUS0144,,ST004,PO0052,,
2024-09-17 00:00:00,PRD019,179.06,4,CUS0192,,ST004,PO0038,,
2024-09-17 00:00:00,PRD015,153.48,4,CUS0006,,ST005,PO0074,,
2024-09-18 00:00:00,PRD010,21.24,6,CUS0144,,ST006,PO0077,,
2024-09-18 00:00:00,PRD015,153.48,3,CUS0097,,ST005,PO0049,,
2024-09-18 00:00:00,PRD030,141.01,3,CUS0064,,ST003,PO0099,,
2024-09-19 00:00:00,PRD022,239.95,8,CUS0120,,ST001,PO0103,,
2024-09-19 00:00:00,PRD004,224.66,1,CUS0067,,ST002,PO0075,,
2024-09-19 00:00:00,PRD009,133.76,3,CUS0042,,ST002,PO0029,,
2024-09-19 00:00:00,PRD004,224.66,7,CUS0117,,ST005,PO0008,,
2024-09-19 00:00:00,PRD006,114.15,8,CUS0129,,ST006,PO0093,,
2024-09-20 00:00:00,PRD017,16.53,2,CUS0019,,ST002,PO0093,,
2024-09-20 00:00:00,PRD027,156.88,4,CUS0105,,ST001,PO0098,,
2024-09-20 00:00:00,PRD004,224.66,3,CUS0115,,ST002,PO0023,,
2024-09-20 00:00:00,PRD001,67.45,5,CUS0178,,ST003,PO0059,,
2024-09-20 00:00:00,PRD016,205.22,2,CUS0181,,ST001,PO0119,,
2024-09-20 00:00:00,PRD013,143.06,2,CUS0035,,ST004,PO0118,,
2024-09-21 00:00:00,PRD010,21.24,8,CUS0008,,ST004,PO0019,,
2024-09-21 00:00:00,PRD030,141.01,1,CUS0180,,ST003,PO0032,,
2024-09-22 00:00:00,PRD017,16.53,1,CUS0189,,ST006,PO0009,,
2024-09-22 00:00:00,PRD016,205.22,4,CUS0015,,ST002,PO0065,,
2024-09-22 00:00:00,PRD015,153.48,7,CUS0169,,ST005,PO0057,,
2024-09-22 00:00:00,PRD029,186.49,1,CUS0044,,ST003,PO0111,,
2024-09-23 00:00:00,PRD027,156.88,4,CUS0107,,ST002,PO0074,,
2024-09-23 00:00:00,PRD012,167.72,1,CUS0033,,ST004,PO0102,,
2024-09-23 00:00:00,PRD014,66.8,6,CUS0112,,ST006,PO0018,,
2024-09-23 00:00:00,PRD012,167.72,8,CUS0127,,ST002,PO0114,,
2024-09-23 00:00:00,PRD027,156.88,1,CUS0097,,ST006,PO0027,,
2024-09-23 00:00:00,PRD024,36.8,7,CUS0180,,ST003,PO0059,,
2024-09-24 00:00:00,PRD019,179.06,5,CUS0043,,ST003,PO0017,,
2024-09-24 00:00:00,PRD004,224.66,2,CUS0111,,ST006,PO0094,,
2024-09-24 00:00:00,PRD003,174.02,3,CUS0031,,ST003,PO0040,,
2024-09-24 00:00:00,PRD016,205.22,2,CUS0063,,ST004,PO0081,,
2024-09-25 00:00:00,PRD006,114.15,6,CUS0017,,ST005,PO0097,,
2024-09-25 00:00:00,PRD015,153.48,5,CUS0078,,ST002,PO0038,,
2024-09-25 00:00:00,PRD001,67.45,1,CUS0020,,ST006,PO0007,,
2024-09-25 00:00:00,PRD017,16.53,4,CUS0063,,ST001,PO0035,,
2024-09-25 00:00:00,PRD019,179.06,2,CUS0075,,ST004,PO0056,,
2024-09-25 00:00:00,PRD006,114.15,4,CUS0179,,ST002,PO0079,,
2024-09-26 00:00:00,PRD001,67.45,5,CUS0091,,ST003,PO0102,,
2024-09-26 00:00:00,PRD025,37.73,6,CUS0019,,ST003,PO0091,,
2024-09-26 00:00:00,PRD020,94.96,2,CUS0121,,ST006,PO0069,,
2024-09-26 00:00:00,PRD010,21.24,3,CUS0008,,ST001,PO0085,,
2024-09-26 00:00:00,PRD026,214.16,5,CUS0120,,ST005,PO0011,,
2024-09-26 00:00:00,PRD010,21.24,5,CUS0151,,ST004,PO0013,,
2024-09-26 00:00:00,PRD017,16.53,2,CUS0107,,ST004,PO0118,,
2024-09-26 00:00:00,PRD026,214.16,4,CUS0162,,ST005,PO0102,,
2024-09-27 00:00:00,PRD019,179.06,1,CUS0088,,ST001,PO0019,,
2024-09-27 00:00:00,PRD018,204.37,1,CUS0109,,ST005,PO0041,,
2024-09-27 00:00:00,PRD019,179.06,1,CUS0059,,ST002,PO0116,,
2024-09-27 00:00:00,PRD012,167.72,2,CUS0124,,ST006,PO0089,,
2024-09-27 00:00:00,PRD017,16.53,1,CUS0156,,ST004,PO0022,,
2024-09-27 00:00:00,PRD019,179.06,6,CUS0180,,ST005,PO0111,,
2024-09-28 00:00:00,PRD016,205.22,8,CUS0086,,ST004,PO0051,,
2024-09-28 00:00:00,PRD021,51.54,13,CUS0110,,ST002,PO0045,,
2024-09-28 00:00:00,PRD014,66.8,13,CUS0118,,ST003,PO0073,,
2024-09-28 00:00:00,PRD018,204.37,10,CUS0059,,ST004,PO0102,,
2024-09-29 00:00:00,PRD001,67.45,8,CUS0106,,ST002,PO0110,,
2024-09-29 00:00:00,PRD001,67.45,6,CUS0098,,ST006,PO0091,,
2024-09-29 00:00:00,PRD007,22.0,8,CUS0153,,ST005,PO0022,,
2024-09-29 00:00:00,PRD026,214.16,2,CUS0048,,ST003,PO0108,,
2024-09-29 00:00:00,PRD019,179.06,4,CUS0005,,ST003,PO0101,,
2024-09-29 00:00:00,PRD020,94.96,10,CUS0151,,ST003,PO0094,,
2024-09-30 00:00:00,PRD028,204.68,6,CUS0089,,ST004,PO0070,,
2024-09-30 00:00:00,PRD025,37.73,1,CUS0177,,ST004,PO0097,,
2024-09-30 00:00:00,PRD014,66.8,8,CUS0044,,ST001,PO0086,,
2024-09-30 00:00:00,PRD014,66.8,2,CUS0077,,ST001,PO0051,,
2024-09-30 00:00:00,PRD021,51.54,1,CUS0153,,ST001,PO0085,,
2024-09-30 00:00:00,PRD024,36.8,2,CUS0194,,ST004,PO0073,,
2024-09-30 00:00:00,PRD014,66.8,4,CUS0188,,ST003,PO0002,,
2024-09-30 00:00:00,PRD008,66.38,6,CUS0109,,ST001,PO0067,,
2024-09-30 00:00:00,PRD020,94.96,7,CUS0063,,ST006,PO0085,,
2024-09-30 00:00:00,PRD007,22.0,6,CUS0032,,ST001,PO0052,,
2024-09-30 00:00:00,PRD007,22.0,9,CUS0024,,ST006,PO0043,,
2024-10-01 00:00:00,PRD002,188.07,2,CUS0033,,ST004,PO0030,,
2024-10-01 00:00:00,PRD011,61.73,8,CUS0147,,ST002,PO0061,,
2024-10-01 00:00:00,PRD005,35.43,4,CUS0014,,ST003,PO0049,,
2024-10-01 00:00:00,PRD003,174.02,6,CUS0119,,ST004,PO0119,,
2024-10-01 00:00:00,PRD001,67.45,7,CUS0123,,ST006,PO0009,,
2024-10-01 00:00:00,PRD029,186.49,3,CUS0094,,ST003,PO0026,,
2024-10-02 00:00:00,PRD020,94.96,8,CUS0137,,ST005,PO0106,,
2024-10-02 00:00:00,PRD030,141.01,8,CUS0081,,ST002,PO0105,,
2024-10-02 00:00:00,PRD017,16.53,3,CUS0104,,ST006,PO0003,,
2024-10-02 00:00:00,PRD014,66.8,4,CUS0068,,ST006,PO0114,,
2024-10-03 00:00:00,PRD012,167.72,5,CUS0007,,ST005,PO0106,,
2024-10-03 00:00:00,PRD027,156.88,4,CUS0119,,ST006,PO0085,,
2024-10-03 00:00:00,PRD006,114.15,8,CUS0122,,ST005,PO0110,,
2024-10-03 00:00:00,PRD028,204.68,3,CUS0168,,ST003,PO0016,,
2024-10-03 00:00:00,PRD012,167.72,3,CUS0084,,ST005,PO0090,,
2024-10-03 00:00:00,PRD017,16.53,5,CUS0128,,ST005,PO0107,,
2024-10-03 00:00:00,PRD012,167.72,5,CUS0141,,ST004,PO0018,,
2024-10-03 00:00:00,PRD005,35.43,5,CUS0062,,ST003,PO0093,,
2024-10-04 00:00:00,PRD018,204.37,2,CUS0017,,ST002,PO0077,,
2024-10-04 00:00:00,PRD005,35.43,6,CUS0139,,ST005,PO0003,,
2024-10-04 00:00:00,PRD003,174.02,3,CUS0038,,ST004,PO0040,,
2024-10-04 00:00:00,PRD019,179.06,3,CUS0122,,ST003,PO0054,,
2024-10-04 00:00:00,PRD024,36.8,7,CUS0194,,ST005,PO0030,,
2024-10-05 00:00:00,PRD014,66.8,9,CUS0024,,ST003,PO0029,,
2024-10-05 00:00:00,PRD027,156.88,8,CUS0139,,ST001,PO0098,,
2024-10-05 00:00:00,PRD002,188.07,9,CUS0066,,ST002,PO0001,,
2024-10-05 00:00:00,PRD009,100.32,19,CUS0167,PROMO001,ST004,PO0100,,
2024-10-05 00:00:00,PRD001,67.45,11,CUS0089,,ST005,PO0065,,
2024-10-05 00:00:00,PRD019,179.06,11,CUS0168,,ST002,PO0047,,
2024-10-07 00:00:00,PRD014,66.8,6,CUS0117,,ST006,PO0004,,
2024-10-07 00:00:00,PRD022,239.95,3,CUS0124,,ST004,PO0009,,
2024-10-07 00:00:00,PRD007,22.0,7,CUS0025,,ST002,PO0042,,
2024-10-07 00:00:00,PRD023,94.1,5,CUS0061,,ST003,PO0061,,
2024-10-08 00:00:00,PRD018,204.37,2,CUS0075,,ST004,PO0018,,
2024-10-08 00:00:00,PRD022,239.95,8,CUS0040,,ST001,PO0047,,
2024-10-08 00:00:00,PRD009,100.32,14,CUS0183,PROMO001,ST002,PO0042,,
2024-10-08 00:00:00,PRD013,143.06,5,CUS0195,,ST005,PO0045,,
2024-10-09 00:00:00,PRD011,61.73,8,CUS0015,,ST006,PO0002,,
2024-10-09 00:00:00,PRD028,204.68,8,CUS0046,,ST003,PO0072,,
2024-10-09 00:00:00,PRD015,153.48,5,CUS0134,,ST003,PO0097,,
2024-10-09 00:00:00,PRD010,21.24,8,CUS0185,,ST004,PO0044,,
2024-10-09 00:00:00,PRD005,35.43,3,CUS0157,,ST003,PO0042,,
2024-10-09 00:00:00,PRD002,188.07,6,CUS0071,,ST005,PO0059,,
2024-10-09 00:00:00,PRD017,16.53,4,CUS0114,,ST002,PO0042,,
2024-10-09 00:00:00,PRD004,224.66,6,CUS0089,,ST002,PO0108,,
2024-10-09 00:00:00,PRD005,35.43,8,CUS0099,,ST003,PO0029,,
2024-10-10 00:00:00,PRD028,204.68,1,CUS0100,,ST005,PO0054,,
2024-10-10 00:00:00,PRD007,22.0,3,CUS0066,,ST004,PO0060,,
2024-10-10 00:00:00,PRD013,143.06,2,CUS0069,,ST006,PO0054,,
2024-10-10 00:00:00,PRD010,21.24,5,CUS0170,,ST003,PO0039,,
2024-10-11 00:00:00,PRD022,239.95,3,CUS0032,,ST001,PO0001,,
2024-10-11 00:00:00,PRD010,21.24,8,CUS0013,,ST003,PO0083,,
2024-10-11 00:00:00,PRD014,66.8,8,CUS0011,,ST001,PO0105,,
2024-10-11 00:00:00,PRD020,94.96,8,CUS0065,,ST003,PO0074,,
2024-10-11 00:00:00,PRD023,94.1,7,CUS0093,,ST004,PO0020,,
2024-10-12 00:00:00,PRD020,94.96,1,CUS0096,,ST002,PO0074,,
2024-10-12 00:00:00,PRD029,186.49,5,CUS0023,,ST004,PO0026,,
2024-10-12 00:00:00,PRD030,141.01,11,CUS0035,,ST001,PO0008,,
2024-10-12 00:00:00,PRD022,239.95,9,CUS0027,,ST001,PO0012,,
2024-10-12 00:00:00,PRD016,205.22,1,CUS0024,,ST005,PO0080,,
2024-10-13 00:00:00,PRD015,153.48,5,CUS0125,,ST004,PO0084,,
2024-10-13 00:00:00,PRD017,16.53,2,CUS0178,,ST004,PO0062,,
2024-10-13 00:00:00,PRD021,51.54,7,CUS0139,,ST006,PO0063,,
2024-10-13 00:00:00,PRD015,153.48,1,CUS0109,,ST003,PO0026,,
2024-10-13 00:00:00,PRD022,239.95,11,CUS0173,,ST003,PO0093,,
2024-10-13 00:00:00,PRD009,133.76,1,CUS0076,,ST004,PO0052,,
2024-10-14 00:00:00,PRD023,94.1,8,CUS0118,,ST004,PO0015,,
2024-10-14 00:00:00,PRD009,133.76,1,CUS0102,,ST001,PO0089,,
2024-10-14 00:00:00,PRD024,36.8,5,CUS0193,,ST001,PO0011,,
2024-10-14 00:00:00,PRD018,204.37,2,CUS0056,,ST006,PO0114,,
2024-10-15 00:00:00,PRD016,205.22,8,CUS0042,,ST003,PO0043,,
2024-10-15 00:00:00,PRD007,22.0,4,CUS0152,,ST005,PO0024,,
2024-10-16 00:00:00,PRD016,205.22,8,CUS0088,,ST006,PO0098,,
2024-10-16 00:00:00,PRD030,141.01,4,CUS0179,,ST002,PO0039,,
2024-10-16 00:00:00,PRD006,114.15,2,CUS0128,,ST002,PO0043,,
2024-10-16 00:00:00,PRD008,66.38,3,CUS0050,,ST004,PO0033,,
2024-10-16 00:00:00,PRD015,153.48,4,CUS0090,,ST003,PO0037,,
2024-10-16 00:00:00,PRD018,204.37,3,CUS0082,,ST001,PO0072,,
2024-10-16 00:00:00,PRD009,133.76,6,CUS0081,,ST004,PO0022,,
2024-10-16 00:00:00,PRD012,167.72,3,CUS0189,,ST006,PO0062,,
2024-10-16 00:00:00,PRD002,188.07,1,CUS0195,,ST002,PO0038,,
2024-10-17 00:00:00,PRD008,66.38,3,CUS0145,,ST002,PO0108,,
2024-10-18 00:00:00,PRD004,157.26,4,CUS0013,PROMO006,ST006,PO0037,,
2024-10-18 00:00:00,PRD029,186.49,1,CUS0045,,ST002,PO0113,,
2024-10-18 00:00:00,PRD017,16.53,1,CUS0145,,ST004,PO0006,,
2024-10-18 00:00:00,PRD026,214.16,1,CUS0045,,ST002,PO0043,,
2024-10-19 00:00:00,PRD009,133.76,5,CUS0006,,ST001,PO0119,,
2024-10-19 00:00:00,PRD030,141.01,4,CUS0107,,ST001,PO0032,,
2024-10-19 00:00:00,PRD016,205.22,5,CUS0144,,ST005,PO0095,,
2024-10-19 00:00:00,PRD012,167.72,1,CUS0117,,ST004,PO0099,,
2024-10-19 00:00:00,PRD014,66.8,11,CUS0010,,ST002,PO0036,,
2024-10-20 00:00:00,PRD012,167.72,1,CUS0107,,ST001,PO0006,,
2024-10-20 00:00:00,PRD026,214.16,11,CUS0023,,ST004,PO0058,,
2024-10-20 00:00:00,PRD017,16.53,4,CUS0035,,ST006,PO0066,,
2024-10-20 00:00:00,PRD008,66.38,2,CUS0059,,ST006,PO0066,,
2024-10-20 00:00:00,PRD021,51.54,9,CUS0138,,ST005,PO0011,,
2024-10-20 00:00:00,PRD025,37.73,4,CUS0164,,ST005,PO0033,,
2024-10-20 00:00:00,PRD008,66.38,11,CUS0071,,ST006,PO0096,,
2024-10-21 00:00:00,PRD020,94.96,4,CUS0176,,ST001,PO0080,,
2024-10-21 00:00:00,PRD008,66.38,3,CUS0083,,ST002,PO0098,,
2024-10-21 00:00:00,PRD004,157.26,8,CUS0196,PROMO006,ST005,PO0036,,
2024-10-21 00:00:00,PRD012,167.72,6,CUS0148,,ST005,PO0099,,
2024-10-22 00:00:00,PRD017,16.53,2,CUS0153,,ST006,PO0039,,
2024-10-22 00:00:00,PRD005,35.43,1,CUS0146,,ST005,PO0025,,
2024-10-23 00:00:00,PRD024,36.8,4,CUS0152,,ST002,PO0117,,
2024-10-23 00:00:00,PRD023,94.1,5,CUS0010,,ST004,PO0052,,
2024-10-23 00:00:00,PRD012,167.72,5,CUS0157,,ST001,PO0116,,
2024-10-23 00:00:00,PRD021,51.54,4,CUS0019,,ST001,PO0095,,
2024-10-23 00:00:00,PRD006,114.15,6,CUS0091,,ST002,PO0110,,
2024-10-24 00:00:00,PRD001,67.45,4,CUS0036,,ST003,PO0089,,
2024-10-24 00:00:00,PRD007,22.0,5,CUS0128,,ST001,PO0031,,
2024-10-24 00:00:00,PRD011,61.73,1,CUS0182,,ST003,PO0059,,
2024-10-24 00:00:00,PRD007,22.0,5,CUS0194,,ST006,PO0052,,
2024-10-25 00:00:00,PRD023,94.1,4,CUS0060,,ST003,PO0104,,
2024-10-25 00:00:00,PRD018,204.37,1,CUS0025,,ST002,PO0067,,
2024-10-25 00:00:00,PRD023,94.1,6,CUS0089,,ST003,PO0029,,
2024-10-25 00:00:00,PRD010,21.24,1,CUS0196,,ST006,PO0044,,
2024-10-26 00:00:00,PRD009,133.76,7,CUS0119,,ST001,PO0061,,
2024-10-26 00:00:00,PRD018,204.37,9,CUS0022,,ST005,PO0038,,
2024-10-26 00:00:00,PRD006,114.15,9,CUS0076,,ST002,PO0026,,
2024-10-26 00:00:00,PRD019,179.06,7,CUS0012,,ST002,PO0095,,
2024-10-26 00:00:00,PRD028,204.68,9,CUS0192,,ST006,PO0031,,
2024-10-26 00:00:00,PRD023,94.1,11,CUS0014,,ST004,PO0019,,
2024-10-26 00:00:00,PRD008,66.38,2,CUS0193,,ST002,PO0085,,
2024-10-27 00:00:00,PRD006,114.15,11,CUS0194,,ST006,PO0058,,
2024-10-27 00:00:00,PRD003,174.02,4,CUS0199,,ST001,PO0109,,
2024-10-27 00:00:00,PRD027,156.88,5,CUS0048,,ST006,PO0045,,
2024-10-27 00:00:00,PRD025,37.73,11,CUS0106,,ST002,PO0024,,
2024-10-27 00:00:00,PRD023,94.1,2,CUS0004,,ST003,PO0028,,
2024-10-27 00:00:00,PRD020,94.96,9,CUS0123,,ST005,PO0112,,
2024-10-27 00:00:00,PRD027,156.88,8,CUS0155,,ST006,PO0085,,
2024-10-27 00:00:00,PRD020,94.96,4,CUS0193,,ST006,PO0106,,
2024-10-27 00:00:00,PRD004,224.66,5,CUS0123,,ST002,PO0112,,
2024-10-27 00:00:00,PRD018,204.37,2,CUS0133,,ST003,PO0049,,
2024-10-28 00:00:00,PRD010,21.24,1,CUS0126,,ST005,PO0048,,
2024-10-28 00:00:00,PRD017,16.53,1,CUS0082,,ST004,PO0074,,
2024-10-29 00:00:00,PRD011,61.73,1,CUS0181,,ST006,PO0046,,
2024-10-29 00:00:00,PRD018,204.37,4,CUS0028,,ST004,PO0002,,
2024-10-29 00:00:00,PRD003,174.02,4,CUS0010,,ST005,PO0034,,
2024-10-29 00:00:00,PRD027,156.88,9,CUS0146,,ST006,PO0057,,
2024-10-29 00:00:00,PRD030,141.01,6,CUS0013,,ST003,PO0029,,
2024-10-29 00:00:00,PRD019,179.06,8,CUS0158,,ST006,PO0046,,
2024-10-29 00:00:00,PRD002,188.07,8,CUS0062,,ST005,PO0032,,
2024-10-29 00:00:00,PRD014,66.8,2,CUS0028,,ST001,PO0064,,
2024-10-30 00:00:00,PRD030,141.01,9,CUS0158,,ST003,PO0040,,
2024-10-30 00:00:00,PRD020,94.96,7,CUS0070,,ST001,PO0073,,
2024-10-30 00:00:00,PRD009,133.76,7,CUS0189,,ST006,PO0046,,
2024-10-31 00:00:00,PRD007,22.0,2,CUS0086,,ST004,PO0114,,
2024-10-31 00:00:00,PRD009,133.76,1,CUS0085,,ST001,PO0084,,
2024-10-31 00:00:00,PRD016,205.22,4,CUS0017,,ST002,PO0055,,
2024-10-31 00:00:00,PRD008,66.38,3,CUS0127,,ST004,PO0099,,
2024-10-31 00:00:00,PRD010,21.24,4,CUS0118,,ST001,PO0018,,
2024-10-31 00:00:00,PRD018,204.37,9,CUS0046,,ST004,PO0076,,
2024-11-01 00:00:00,PRD009,133.76,3,CUS0148,,ST004,PO0055,,
2024-11-01 00:00:00,PRD007,22.0,4,CUS0127,,ST005,PO0097,,
2024-11-01 00:00:00,PRD015,153.48,5,CUS0187,,ST005,PO0034,,
2024-11-01 00:00:00,PRD029,186.49,1,CUS0133,,ST002,PO0114,,
2024-11-01 00:00:00,PRD002,188.07,7,CUS0084,,ST004,PO0083,,
2024-11-01 00:00:00,PRD017,16.53,3,CUS0168,,ST006,PO0049,,
2024-11-01 00:00:00,PRD029,186.49,5,CUS0019,,ST001,PO0072,,
2024-11-01 00:00:00,PRD029,186.49,2,CUS0135,,ST004,PO0068,,
2024-11-02 00:00:00,PRD013,143.06,1,CUS0013,,ST004,PO0099,,
2024-11-02 00:00:00,PRD010,21.24,5,CUS0158,,ST002,PO0087,,
2024-11-03 00:00:00,PRD030,141.01,2,CUS0198,,ST003,PO0043,,
2024-11-03 00:00:00,PRD007,22.0,8,CUS0149,,ST005,PO0043,,
2024-11-03 00:00:00,PRD010,21.24,9,CUS0023,,ST001,PO0034,,
2024-11-03 00:00:00,PRD006,114.15,11,CUS0091,,ST003,PO0071,,
2024-11-04 00:00:00,PRD027,156.88,5,CUS0180,,ST005,PO0111,,
2024-11-04 00:00:00,PRD029,186.49,2,CUS0136,,ST003,PO0090,,
2024-11-04 00:00:00,PRD020,94.96,4,CUS0199,,ST006,PO0025,,
2024-11-04 00:00:00,PRD003,174.02,7,CUS0024,,ST004,PO0033,,
2024-11-04 00:00:00,PRD009,133.76,1,CUS0199,,ST006,PO0084,,
2024-11-04 00:00:00,PRD024,36.8,1,CUS0163,,ST006,PO0049,,
2024-11-04 00:00:00,PRD012,167.72,6,CUS0075,,ST003,PO0002,,
2024-11-05 00:00:00,PRD007,22.0,5,CUS0110,,ST005,PO0109,,
2024-11-05 00:00:00,PRD012,167.72,3,CUS0097,,ST006,PO0098,,
2024-11-05 00:00:00,PRD007,22.0,2,CUS0049,,ST004,PO0028,,
2024-11-06 00:00:00,PRD020,94.96,8,CUS0019,,ST003,PO0018,,
2024-11-06 00:00:00,PRD004,224.66,6,CUS0130,,ST004,PO0054,,
2024-11-06 00:00:00,PRD012,167.72,4,CUS0117,,ST004,PO0074,,
2024-11-06 00:00:00,PRD008,66.38,4,CUS0183,,ST002,PO0112,,
2024-11-06 00:00:00,PRD004,224.66,8,CUS0124,,ST002,PO0029,,
2024-11-06 00:00:00,PRD004,224.66,1,CUS0190,,ST006,PO0103,,
2024-11-06 00:00:00,PRD027,156.88,6,CUS0107,,ST006,PO0071,,
2024-11-06 00:00:00,PRD008,66.38,3,CUS0196,,ST002,PO0065,,
2024-11-06 00:00:00,PRD001,67.45,7,CUS0041,,ST001,PO0013,,
2024-11-06 00:00:00,PRD020,94.96,2,CUS0004,,ST002,PO0084,,
2024-11-06 00:00:00,PRD007,22.0,5,CUS0053,,ST002,PO0001,,
2024-11-07 00:00:00,PRD011,61.73,4,CUS0071,,ST004,PO0044,,
2024-11-07 00:00:00,PRD029,186.49,5,CUS0077,,ST006,PO0014,,
2024-11-07 00:00:00,PRD030,141.01,8,CUS0098,,ST005,PO0082,,
2024-11-08 00:00:00,PRD022,239.95,4,CUS0182,,ST003,PO0025,,
2024-11-08 00:00:00,PRD010,21.24,1,CUS0153,,ST002,PO0092,,
2024-11-08 00:00:00,PRD008,66.38,2,CUS0144,,ST001,PO0065,,
2024-11-09 00:00:00,PRD028,204.68,1,CUS0134,,ST001,PO0058,,
2024-11-09 00:00:00,PRD030,141.01,8,CUS0139,,ST004,PO0007,,
2024-11-09 00:00:00,PRD009,133.76,1,CUS0003,,ST006,PO0120,,
2024-11-09 00:00:00,PRD017,16.53,9,CUS0033,,ST003,PO0008,,
2024-11-09 00:00:00,PRD011,61.73,8,CUS0094,,ST002,PO0064,,
2024-11-10 00:00:00,PRD024,36.8,5,CUS0034,,ST003,PO0092,,
2024-11-10 00:00:00,PRD015,153.48,9,CUS0199,,ST003,PO0004,,
2024-11-10 00:00:00,PRD023,94.1,9,CUS0145,,ST006,PO0081,,
2024-11-10 00:00:00,PRD004,224.66,9,CUS0163,,ST004,PO0052,,
2024-11-10 00:00:00,PRD026,214.16,5,CUS0116,,ST005,PO0055,,
2024-11-11 00:00:00,PRD021,51.54,8,CUS0051,,ST002,PO0088,,
2024-11-11 00:00:00,PRD025,37.73,5,CUS0136,,ST001,PO0094,,
2024-11-11 00:00:00,PRD001,67.45,5,CUS0050,,ST001,PO0024,,
2024-11-11 00:00:00,PRD021,51.54,4,CUS0166,,ST003,PO0064,,
2024-11-11 00:00:00,PRD024,36.8,5,CUS0108,,ST003,PO0021,,
2024-11-11 00:00:00,PRD016,205.22,8,CUS0012,,ST001,PO0095,,
2024-11-11 00:00:00,PRD002,188.07,6,CUS0177,,ST006,PO0089,,
2024-11-12 00:00:00,PRD003,174.02,7,CUS0118,,ST004,PO0117,,
2024-11-12 00:00:00,PRD010,21.24,8,CUS0064,,ST003,PO0075,,
2024-11-12 00:00:00,PRD004,224.66,2,CUS0073,,ST001,PO0101,,
2024-11-12 00:00:00,PRD004,224.66,1,CUS0094,,ST003,PO0023,,
2024-11-12 00:00:00,PRD024,36.8,2,CUS0194,,ST006,PO0075,,
2024-11-12 00:00:00,PRD014,66.8,1,CUS0063,,ST006,PO0084,,
2024-11-13 00:00:00,PRD018,204.37,2,CUS0015,,ST005,PO0085,,
2024-11-13 00:00:00,PRD021,51.54,8,CUS0184,,ST006,PO0047,,
2024-11-13 00:00:00,PRD016,205.22,3,CUS0074,,ST001,PO0044,,
2024-11-13 00:00:00,PRD030,141.01,4,CUS0013,,ST002,PO0019,,
2024-11-13 00:00:00,PRD015,153.48,7,CUS0078,,ST004,PO0086,,
2024-11-13 00:00:00,PRD024,36.8,7,CUS0085,,ST004,PO0043,,
2024-11-14 00:00:00,PRD021,51.54,8,CUS0084,,ST006,PO0094,,
2024-11-15 00:00:00,PRD019,179.06,4,CUS0062,,ST004,PO0095,,
2024-11-15 00:00:00,PRD018,204.37,5,CUS0088,,ST002,PO0028,,
2024-11-15 00:00:00,PRD015,153.48,7,CUS0100,,ST002,PO0116,,
2024-11-15 00:00:00,PRD024,36.8,4,CUS0139,,ST004,PO0055,,
2024-11-15 00:00:00,PRD002,188.07,6,CUS0012,,ST001,PO0114,,
2024-11-16 00:00:00,PRD011,61.73,2,CUS0187,,ST001,PO0115,,
2024-11-16 00:00:00,PRD018,204.37,5,CUS0023,,ST003,PO0099,,
2024-11-16 00:00:00,PRD026,214.16,1,CUS0092,,ST002,PO0094,,
2024-11-16 00:00:00,PRD006,114.15,5,CUS0058,,ST006,PO0113,,
2024-11-16 00:00:00,PRD023,94.1,2,CUS0163,,ST002,PO0011,,
2024-11-17 00:00:00,PRD010,21.24,9,CUS0063,,ST001,PO0016,,
2024-11-17 00:00:00,PRD001,67.45,4,CUS0153,,ST003,PO0041,,
2024-11-17 00:00:00,PRD003,174.02,4,CUS0196,,ST001,PO0077,,
2024-11-17 00:00:00,PRD010,21.24,9,CUS0109,,ST006,PO0052,,
2024-11-17 00:00:00,PRD014,66.8,1,CUS0076,,ST004,PO0088,,
2024-11-17 00:00:00,PRD008,66.38,4,CUS0008,,ST001,PO0095,,
2024-11-17 00:00:00,PRD025,37.73,7,CUS0081,,ST005,PO0011,,
2024-11-17 00:00:00,PRD010,21.24,7,CUS0171,,ST001,PO0090,,
2024-11-18 00:00:00,PRD028,204.68,2,CUS0011,,ST005,PO0117,,
2024-11-18 00:00:00,PRD003,174.02,7,CUS0098,,ST002,PO0051,,
2024-11-18 00:00:00,PRD005,35.43,7,CUS0111,,ST003,PO0003,,
2024-11-18 00:00:00,PRD017,16.53,7,CUS0107,,ST004,PO0095,,
2024-11-18 00:00:00,PRD012,167.72,1,CUS0049,,ST003,PO0057,,
2024-11-18 00:00:00,PRD005,35.43,2,CUS0116,,ST006,PO0043,,
2024-11-19 00:00:00,PRD001,67.45,3,CUS0043,,ST006,PO0104,,
2024-11-19 00:00:00,PRD021,51.54,7,CUS0200,,ST002,PO0003,,
2024-11-19 00:00:00,PRD016,205.22,5,CUS0161,,ST004,PO0049,,
2024-11-19 00:00:00,PRD029,186.49,7,CUS0135,,ST006,PO0082,,
2024-11-19 00:00:00,PRD004,224.66,8,CUS0189,,ST002,PO0018,,
2024-11-20 00:00:00,PRD010,21.24,5,CUS0116,,ST004,PO0030,,
2024-11-20 00:00:00,PRD013,143.06,6,CUS0012,,ST006,PO0042,,
2024-11-20 00:00:00,PRD008,66.38,4,CUS0183,,ST003,PO0073,,
2024-11-20 00:00:00,PRD013,143.06,3,CUS0059,,ST001,PO0017,,
2024-11-20 00:00:00,PRD020,94.96,2,CUS0198,,ST004,PO0059,,
2024-11-20 00:00:00,PRD027,156.88,8,CUS0148,,ST002,PO0042,,
2024-11-21 00:00:00,PRD016,205.22,4,CUS0012,,ST005,PO0076,,
2024-11-21 00:00:00,PRD022,227.95,3,CUS0079,PROMO005,ST004,PO0007,,
2024-11-21 00:00:00,PRD030,141.01,3,CUS0006,,ST001,PO0114,,
2024-11-21 00:00:00,PRD030,141.01,7,CUS0113,,ST006,PO0120,,
2024-11-21 00:00:00,PRD014,66.8,2,CUS0182,,ST006,PO0082,,
2024-11-21 00:00:00,PRD018,204.37,8,CUS0195,,ST004,PO0086,,
2024-11-22 00:00:00,PRD008,66.38,3,CUS0148,,ST005,PO0110,,
2024-11-22 00:00:00,PRD006,114.15,5,CUS0131,,ST005,PO0027,,
2024-11-22 00:00:00,PRD026,214.16,8,CUS0159,,ST004,PO0035,,
2024-11-22 00:00:00,PRD024,36.8,4,CUS0003,,ST006,PO0026,,
2024-11-22 00:00:00,PRD017,16.53,5,CUS0039,,ST002,PO0014,,
2024-11-22 00:00:00,PRD009,133.76,1,CUS0062,,ST003,PO0011,,
2024-11-22 00:00:00,PRD025,37.73,7,CUS0188,,ST002,PO0114,,
2024-11-22 00:00:00,PRD017,16.53,3,CUS0054,,ST005,PO0094,,
2024-11-23 00:00:00,PRD013,143.06,11,CUS0098,,ST003,PO0096,,
2024-11-23 00:00:00,PRD007,22.0,9,CUS0102,,ST001,PO0095,,
2024-11-23 00:00:00,PRD026,214.16,2,CUS0132,,ST002,PO0099,,
2024-11-24 00:00:00,PRD010,21.24,9,CUS0117,,ST006,PO0078,,
2024-11-24 00:00:00,PRD024,36.8,5,CUS0011,,ST006,PO0114,,
2024-11-24 00:00:00,PRD009,133.76,4,CUS0001,,ST004,PO0026,,
2024-11-24 00:00:00,PRD018,204.37,5,CUS0150,,ST005,PO0029,,
2024-11-24 00:00:00,PRD010,21.24,9,CUS0039,,ST005,PO0115,,
2024-11-24 00:00:00,PRD013,143.06,9,CUS0071,,ST003,PO0018,,
2024-11-25 00:00:00,PRD001,67.45,1,CUS0119,,ST005,PO0109,,
2024-11-25 00:00:00,PRD012,167.72,2,CUS0050,,ST005,PO0070,,
2024-11-25 00:00:00,PRD022,227.95,3,CUS0059,PROMO005,ST001,PO0016,,
2024-11-25 00:00:00,PRD022,227.95,1,CUS0107,PROMO005,ST006,PO0105,,
2024-11-25 00:00:00,PRD015,153.48,1,CUS0034,,ST002,PO0099,,
2024-11-26 00:00:00,PRD015,153.48,1,CUS0074,,ST001,PO0020,,
2024-11-26 00:00:00,PRD010,21.24,3,CUS0143,,ST002,PO0063,,
2024-11-26 00:00:00,PRD010,21.24,2,CUS0075,,ST006,PO0009,,
2024-11-26 00:00:00,PRD016,205.22,6,CUS0128,,ST005,PO0060,,
2024-11-26 00:00:00,PRD018,204.37,1,CUS0062,,ST004,PO0050,,
2024-11-26 00:00:00,PRD020,94.96,8,CUS0033,,ST001,PO0116,,
2024-11-26 00:00:00,PRD027,156.88,7,CUS0096,,ST004,PO0058,,
2024-11-26 00:00:00,PRD006,114.15,8,CUS0089,,ST006,PO0108,,
2024-11-26 00:00:00,PRD025,37.73,8,CUS0028,,ST002,PO0070,,
2024-11-27 00:00:00,PRD013,143.06,2,CUS0144,,ST006,PO0100,,
2024-11-27 00:00:00,PRD018,204.37,3,CUS0029,,ST006,PO0024,,
2024-11-27 00:00:00,PRD018,204.37,1,CUS0037,,ST006,PO0114,,
2024-11-27 00:00:00,PRD013,143.06,3,CUS0085,,ST003,PO0115,,
2024-11-27 00:00:00,PRD008,66.38,2,CUS0005,,ST004,PO0086,,
2024-11-27 00:00:00,PRD010,21.24,2,CUS0116,,ST003,PO0012,,
2024-11-28 00:00:00,PRD002,188.07,8,CUS0071,,ST006,PO0084,,
2024-11-28 00:00:00,PRD016,205.22,3,CUS0200,,ST003,PO0046,,
2024-11-28 00:00:00,PRD024,36.8,3,CUS0167,,ST002,PO0056,,
2024-11-28 00:00:00,PRD015,153.48,7,CUS0152,,ST004,PO0020,,
2024-11-28 00:00:00,PRD009,133.76,3,CUS0153,,ST006,PO0053,,
2024-11-28 00:00:00,PRD014,66.8,2,CUS0138,,ST001,PO0115,,
2024-11-28 00:00:00,PRD020,94.96,7,CUS0079,,ST003,PO0047,,
2024-11-29 00:00:00,PRD017,16.53,1,CUS0097,,ST006,PO0033,,
2024-11-29 00:00:00,PRD005,35.43,6,CUS0086,,ST003,PO0035,,
2024-11-29 00:00:00,PRD028,204.68,6,CUS0049,,ST002,PO0067,,
2024-11-29 00:00:00,PRD027,156.88,8,CUS0132,,ST001,PO0111,,
2024-11-29 00:00:00,PRD012,167.72,4,CUS0083,,ST005,PO0011,,
2024-11-30 00:00:00,PRD011,61.73,13,CUS0105,,ST006,PO0063,,
2024-11-30 00:00:00,PRD004,224.66,6,CUS0077,,ST001,PO0058,,
2024-11-30 00:00:00,PRD014,66.8,13,CUS0174,,ST005,PO0020,,
2024-12-01 00:00:00,PRD010,21.24,5,CUS0050,,ST006,PO0058,,
2024-12-01 00:00:00,PRD002,188.07,11,CUS0118,,ST006,PO0052,,
2024-12-01 00:00:00,PRD021,51.54,4,CUS0148,,ST002,PO0057,,
2024-12-01 00:00:00,PRD020,94.96,8,CUS0004,,ST006,PO0112,,
2024-12-01 00:00:00,PRD025,37.73,4,CUS0082,,ST002,PO0050,,
2024-12-01 00:00:00,PRD005,35.43,8,CUS0065,,ST001,PO0048,,
2024-12-01 00:00:00,PRD017,16.53,11,CUS0088,,ST003,PO0106,,
2024-12-01 00:00:00,PRD027,156.88,5,CUS0026,,ST003,PO0080,,
2024-12-01 00:00:00,PRD019,179.06,1,CUS0121,,ST006,PO0066,,
2024-12-02 00:00:00,PRD030,141.01,8,CUS0078,,ST005,PO0105,,
2024-12-02 00:00:00,PRD024,36.8,2,CUS0102,,ST006,PO0108,,
2024-12-02 00:00:00,PRD019,179.06,5,CUS0050,,ST001,PO0101,,
2024-12-02 00:00:00,PRD010,21.24,3,CUS0108,,ST002,PO0041,,
2024-12-02 00:00:00,PRD025,37.73,2,CUS0185,,ST006,PO0089,,
2024-12-03 00:00:00,PRD014,66.8,3,CUS0128,,ST001,PO0068,,
2024-12-03 00:00:00,PRD008,66.38,5,CUS0053,,ST005,PO0078,,
2024-12-03 00:00:00,PRD027,156.88,6,CUS0087,,ST002,PO0054,,
2024-12-03 00:00:00,PRD016,205.22,8,CUS0095,,ST002,PO0034,,
2024-12-03 00:00:00,PRD029,186.49,3,CUS0042,,ST002,PO0023,,
2024-12-03 00:00:00,PRD022,239.95,8,CUS0132,,ST004,PO0085,,
2024-12-03 00:00:00,PRD014,66.8,2,CUS0028,,ST004,PO0092,,
2024-12-03 00:00:00,PRD022,239.95,1,CUS0117,,ST004,PO0060,,
2024-12-03 00:00:00,PRD007,22.0,2,CUS0192,,ST002,PO0058,,
2024-12-03 00:00:00,PRD018,204.37,3,CUS0179,,ST005,PO0013,,
2024-12-03 00:00:00,PRD011,61.73,2,CUS0031,,ST002,PO0051,,
2024-12-03 00:00:00,PRD001,67.45,5,CUS0043,,ST006,PO0088,,
2024-12-03 00:00:00,PRD004,224.66,2,CUS0012,,ST002,PO0023,,
2024-12-03 00:00:00,PRD018,204.37,3,CUS0006,,ST005,PO0051,,
2024-12-04 00:00:00,PRD007,22.0,4,CUS0077,,ST006,PO0050,,
2024-12-04 00:00:00,PRD022,239.95,1,CUS0024,,ST002,PO0105,,
2024-12-04 00:00:00,PRD002,188.07,8,CUS0126,,ST005,PO0034,,
2024-12-04 00:00:00,PRD029,186.49,8,CUS0052,,ST001,PO0004,,
2024-12-04 00:00:00,PRD007,22.0,7,CUS0158,,ST001,PO0031,,
2024-12-04 00:00:00,PRD013,143.06,8,CUS0069,,ST006,PO0069,,
2024-12-05 00:00:00,PRD030,141.01,4,CUS0063,,ST002,PO0022,,
2024-12-05 00:00:00,PRD025,37.73,2,CUS0176,,ST006,PO0070,,
2024-12-05 00:00:00,PRD024,36.8,7,CUS0151,,ST001,PO0044,,
2024-12-05 00:00:00,PRD018,204.37,4,CUS0158,,ST006,PO0022,,
2024-12-05 00:00:00,PRD001,67.45,6,CUS0052,,ST004,PO0052,,
2024-12-05 00:00:00,PRD018,204.37,3,CUS0004,,ST001,PO0099,,
2024-12-05 00:00:00,PRD020,94.96,1,CUS0066,,ST002,PO0008,,
2024-12-06 00:00:00,PRD004,224.66,3,CUS0014,,ST004,PO0081,,
2024-12-06 00:00:00,PRD022,239.95,4,CUS0122,,ST004,PO0088,,
2024-12-06 00:00:00,PRD023,94.1,5,CUS0031,,ST004,PO0063,,
2024-12-06 00:00:00,PRD003,174.02,6,CUS0084,,ST004,PO0063,,
2024-12-06 00:00:00,PRD002,188.07,4,CUS0176,,ST006,PO0093,,
2024-12-06 00:00:00,PRD023,94.1,6,CUS0043,,ST006,PO0079,,
2024-12-07 00:00:00,PRD025,37.73,11,CUS0178,,ST006,PO0060,,
2024-12-07 00:00:00,PRD007,22.0,5,CUS0029,,ST002,PO0082,,
2024-12-07 00:00:00,PRD025,37.73,11,CUS0169,,ST004,PO0003,,
2024-12-07 00:00:00,PRD003,174.02,4,CUS0183,,ST004,PO0067,,
2024-12-07 00:00:00,PRD008,66.38,11,CUS0018,,ST003,PO0003,,
2024-12-07 00:00:00,PRD012,167.72,7,CUS0160,,ST003,PO0045,,
2024-12-08 00:00:00,PRD006,114.15,9,CUS0104,,ST005,PO0026,,
2024-12-08 00:00:00,PRD017,16.53,5,CUS0133,,ST003,PO0050,,
2024-12-09 00:00:00,PRD020,94.96,1,CUS0193,,ST005,PO0060,,
2024-12-09 00:00:00,PRD023,94.1,1,CUS0052,,ST003,PO0097,,
2024-12-09 00:00:00,PRD015,153.48,1,CUS0014,,ST006,PO0047,,
2024-12-09 00:00:00,PRD022,239.95,7,CUS0135,,ST003,PO0090,,
2024-12-09 00:00:00,PRD022,239.95,8,CUS0173,,ST001,PO0046,,
2024-12-09 00:00:00,PRD011,61.73,8,CUS0125,,ST004,PO0009,,
2024-12-10 00:00:00,PRD009,133.76,3,CUS0182,,ST006,PO0023,,
2024-12-10 00:00:00,PRD003,174.02,6,CUS0061,,ST003,PO0113,,
2024-12-10 00:00:00,PRD001,67.45,1,CUS0019,,ST002,PO0103,,
2024-12-10 00:00:00,PRD027,156.88,2,CUS0112,,ST005,PO0003,,
2024-12-10 00:00:00,PRD024,36.8,2,CUS0049,,ST004,PO0012,,
2024-12-11 00:00:00,PRD021,51.54,4,CUS0098,,ST005,PO0013,,
2024-12-11 00:00:00,PRD009,133.76,8,CUS0169,,ST005,PO0088,,
2024-12-11 00:00:00,PRD009,133.76,7,CUS0078,,ST001,PO0017,,
2024-12-11 00:00:00,PRD008,66.38,4,CUS0045,,ST001,PO0047,,
2024-12-11 00:00:00,PRD011,61.73,4,CUS0114,,ST006,PO0007,,
2024-12-11 00:00:00,PRD009,133.76,4,CUS0191,,ST006,PO0072,,
2024-12-12 00:00:00,PRD019,179.06,6,CUS0059,,ST001,PO0042,,
2024-12-12 00:00:00,PRD018,204.37,7,CUS0178,,ST002,PO0069,,
2024-12-12 00:00:00,PRD019,179.06,6,CUS0110,,ST006,PO0015,,
2024-12-12 00:00:00,PRD007,22.0,3,CUS0018,,ST005,PO0073,,
2024-12-12 00:00:00,PRD028,204.68,6,CUS0003,,ST005,PO0112,,
2024-12-12 00:00:00,PRD026,214.16,2,CUS0104,,ST001,PO0079,,
2024-12-12 00:00:00,PRD010,21.24,4,CUS0166,,ST006,PO0092,,
2024-12-13 00:00:00,PRD001,67.45,6,CUS0123,,ST004,PO0058,,
2024-12-13 00:00:00,PRD005,35.43,8,CUS0060,,ST005,PO0063,,
2024-12-13 00:00:00,PRD004,224.66,4,CUS0172,,ST003,PO0067,,
2024-12-13 00:00:00,PRD001,67.45,6,CUS0136,,ST006,PO0006,,
2024-12-13 00:00:00,PRD022,239.95,5,CUS0116,,ST005,PO0048,,
2024-12-13 00:00:00,PRD023,94.1,4,CUS0139,,ST001,PO0038,,
2024-12-14 00:00:00,PRD009,133.76,5,CUS0184,,ST005,PO0063,,
2024-12-14 00:00:00,PRD029,186.49,2,CUS0101,,ST003,PO0076,,
2024-12-14 00:00:00,PRD019,179.06,9,CUS0071,,ST001,PO0009,,
2024-12-14 00:00:00,PRD020,94.96,9,CUS0090,,ST006,PO0028,,
2024-12-14 00:00:00,PRD002,188.07,7,CUS0185,,ST006,PO0041,,
2024-12-14 00:00:00,PRD007,22.0,11,CUS0003,,ST001,PO0090,,
2024-12-15 00:00:00,PRD029,186.49,1,CUS0187,,ST004,PO0091,,
2024-12-15 00:00:00,PRD013,143.06,1,CUS0122,,ST002,PO0083,,
2024-12-16 00:00:00,PRD011,61.73,5,CUS0064,,ST005,PO0055,,
2024-12-16 00:00:00,PRD023,94.1,8,CUS0022,,ST001,PO0061,,
2024-12-16 00:00:00,PRD011,61.73,2,CUS0168,,ST006,PO0098,,
2024-12-16 00:00:00,PRD015,153.48,7,CUS0176,,ST006,PO0106,,
2024-12-16 00:00:00,PRD030,141.01,2,CUS0043,,ST004,PO0097,,
2024-12-16 00:00:00,PRD006,114.15,7,CUS0017,,ST003,PO0082,,
2024-12-16 00:00:00,PRD007,22.0,1,CUS0042,,ST004,PO0082,,
2024-12-16 00:00:00,PRD027,156.88,6,CUS0142,,ST001,PO0002,,
2024-12-17 00:00:00,PRD008,66.38,3,CUS0007,,ST004,PO0092,,
2024-12-17 00:00:00,PRD023,94.1,1,CUS0092,,ST001,PO0089,,
2024-12-17 00:00:00,PRD025,37.73,8,CUS0172,,ST003,PO0065,,
2024-12-17 00:00:00,PRD007,22.0,2,CUS0150,,ST005,PO0034,,
2024-12-17 00:00:00,PRD021,51.54,6,CUS0088,,ST004,PO0093,,
2024-12-18 00:00:00,PRD024,36.8,6,CUS0182,,ST005,PO0081,,
2024-12-18 00:00:00,PRD013,143.06,4,CUS0008,,ST001,PO0098,,
2024-12-18 00:00:00,PRD018,204.37,6,CUS0105,,ST003,PO0014,,
2024-12-19 00:00:00,PRD017,16.53,6,CUS0136,,ST001,PO0038,,
2024-12-19 00:00:00,PRD003,174.02,2,CUS0037,,ST006,PO0094,,
2024-12-19 00:00:00,PRD017,16.53,5,CUS0066,,ST001,PO0040,,
2024-12-19 00:00:00,PRD029,186.49,2,CUS0020,,ST001,PO0100,,
2024-12-20 00:00:00,PRD012,167.72,5,CUS0175,,ST005,PO0114,,
2024-12-20 00:00:00,PRD007,22.0,1,CUS0098,,ST004,PO0054,,
2024-12-20 00:00:00,PRD019,179.06,7,CUS0140,,ST001,PO0102,,
2024-12-20 00:00:00,PRD027,156.88,3,CUS0092,,ST002,PO0007,,
2024-12-20 00:00:00,PRD018,204.37,5,CUS0161,,ST005,PO0016,,
2024-12-20 00:00:00,PRD017,16.53,8,CUS0070,,ST001,PO0119,,
2024-12-20 00:00:00,PRD025,37.73,2,CUS0200,,ST004,PO0111,,
2024-12-21 00:00:00,PRD002,188.07,1,CUS0078,,ST004,PO0085,,
2024-12-21 00:00:00,PRD013,143.06,11,CUS0097,,ST005,PO0062,,
2024-12-21 00:00:00,PRD027,156.88,9,CUS0010,,ST004,PO0114,,
2024-12-21 00:00:00,PRD008,66.38,2,CUS0079,,ST004,PO0061,,
2024-12-21 00:00:00,PRD013,143.06,7,CUS0073,,ST006,PO0096,,
2024-12-21 00:00:00,PRD022,239.95,11,CUS0184,,ST004,PO0061,,
2024-12-21 00:00:00,PRD019,179.06,1,CUS0097,,ST005,PO0116,,
2024-12-21 00:00:00,PRD020,94.96,4,CUS0177,,ST002,PO0040,,
2024-12-21 00:00:00,PRD022,239.95,5,CUS0123,,ST003,PO0023,,
2024-12-22 00:00:00,PRD014,66.8,9,CUS0135,,ST004,PO0084,,
2024-12-22 00:00:00,PRD009,133.76,4,CUS0101,,ST004,PO0042,,
2024-12-22 00:00:00,PRD007,22.0,9,CUS0096,,ST001,PO0090,,
2024-12-22 00:00:00,PRD024,36.8,8,CUS0142,,ST002,PO0057,,
2024-12-22 00:00:00,PRD008,66.38,2,CUS0109,,ST002,PO0033,,
2024-12-22 00:00:00,PRD006,114.15,11,CUS0075,,ST002,PO0027,,
2024-12-22 00:00:00,PRD009,133.76,2,CUS0059,,ST002,PO0039,,
2024-12-22 00:00:00,PRD021,51.54,4,CUS0075,,ST001,PO0073,,
2024-12-22 00:00:00,PRD021,51.54,1,CUS0167,,ST004,PO0119,,
2024-12-22 00:00:00,PRD008,66.38,1,CUS0032,,ST004,PO0048,,
2024-12-23 00:00:00,PRD027,156.88,2,CUS0036,,ST006,PO0072,,
2024-12-23 00:00:00,PRD001,67.45,7,CUS0046,,ST001,PO0118,,
2024-12-23 00:00:00,PRD018,204.37,3,CUS0152,,ST005,PO0059,,
2024-12-23 00:00:00,PRD001,67.45,7,CUS0054,,ST004,PO0058,,
2024-12-23 00:00:00,PRD014,66.8,3,CUS0196,,ST002,PO0062,,
2024-12-23 00:00:00,PRD021,51.54,7,CUS0186,,ST002,PO0004,,
2024-12-24 00:00:00,PRD002,188.07,2,CUS0082,,ST005,PO0055,,
2024-12-24 00:00:00,PRD016,205.22,8,CUS0049,,ST003,PO0003,,
2024-12-24 00:00:00,PRD013,143.06,3,CUS0026,,ST002,PO0066,,
2024-12-24 00:00:00,PRD022,239.95,2,CUS0139,,ST001,PO0120,,
2024-12-24 00:00:00,PRD027,156.88,4,CUS0125,,ST002,PO0103,,
2024-12-25 00:00:00,PRD017,16.53,1,CUS0042,,ST004,PO0045,,
2024-12-25 00:00:00,PRD014,66.8,1,CUS0154,,ST003,PO0040,,
2024-12-25 00:00:00,PRD024,36.8,4,CUS0193,,ST006,PO0098,,
2024-12-25 00:00:00,PRD010,21.24,7,CUS0077,,ST005,PO0017,,
2024-12-25 00:00:00,PRD012,167.72,7,CUS0166,,ST001,PO0096,,
2024-12-25 00:00:00,PRD003,174.02,4,CUS0081,,ST004,PO0046,,
2024-12-25 00:00:00,PRD013,143.06,3,CUS0022,,ST004,PO0109,,
2024-12-25 00:00:00,PRD008,66.38,2,CUS0085,,ST004,PO0115,,
2024-12-25 00:00:00,PRD009,133.76,7,CUS0198,,ST005,PO0005,,
2024-12-26 00:00:00,PRD004,224.66,2,CUS0001,,ST002,PO0062,,
2024-12-26 00:00:00,PRD030,141.01,2,CUS0178,,ST002,PO0059,,
2024-12-26 00:00:00,PRD005,35.43,1,CUS0056,,ST003,PO0019,,
2024-12-26 00:00:00,PRD030,141.01,6,CUS0020,,ST005,PO0015,,
2024-12-27 00:00:00,PRD027,156.88,8,CUS0112,,ST001,PO0115,,
2024-12-27 00:00:00,PRD024,36.8,3,CUS0111,,ST002,PO0084,,
2024-12-27 00:00:00,PRD008,66.38,8,CUS0047,,ST004,PO0046,,
2024-12-28 00:00:00,PRD012,167.72,13,CUS0070,,ST002,PO0085,,
2024-12-28 00:00:00,PRD011,61.73,13,CUS0123,,ST004,PO0052,,
2024-12-28 00:00:00,PRD028,204.68,6,CUS0174,,ST005,PO0054,,
2024-12-28 00:00:00,PRD011,61.73,8,CUS0142,,ST001,PO0022,,
2024-12-28 00:00:00,PRD010,21.24,8,CUS0144,,ST006,PO0016,,
2024-12-28 00:00:00,PRD009,133.76,4,CUS0119,,ST001,PO0072,,
2024-12-28 00:00:00,PRD002,188.07,1,CUS0171,,ST003,PO0045,,
2024-12-28 00:00:00,PRD001,67.45,4,CUS0042,,ST002,PO0015,,
2024-12-28 00:00:00,PRD018,204.37,9,CUS0058,,ST006,PO0076,,
2024-12-28 00:00:00,PRD029,186.49,13,CUS0196,,ST005,PO0064,,
2024-12-29 00:00:00,PRD013,143.06,10,CUS0037,,ST003,PO0015,,
2024-12-29 00:00:00,PRD016,205.22,4,CUS0052,,ST002,PO0107,,
2024-12-29 00:00:00,PRD024,36.8,8,CUS0155,,ST006,PO0051,,
2024-12-29 00:00:00,PRD025,37.73,10,CUS0173,,ST006,PO0115,,
2024-12-29 00:00:00,PRD025,37.73,1,CUS0148,,ST005,PO0016,,
2024-12-29 00:00:00,PRD014,66.8,6,CUS0109,,ST002,PO0035,,
2024-12-30 00:00:00,PRD022,239.95,8,CUS0106,,ST001,PO0012,,
2024-12-30 00:00:00,PRD020,94.96,1,CUS0108,,ST003,PO0040,,
2024-12-30 00:00:00,PRD014,66.8,7,CUS0048,,ST004,PO0063,,
2024-12-30 00:00:00,PRD026,214.16,1,CUS0011,,ST002,PO0119,,
2024-12-30 00:00:00,PRD015,153.48,6,CUS0101,,ST005,PO0106,,
2024-12-30 00:00:00,PRD026,214.16,2,CUS0128,,ST004,PO0066,,
2024-12-30 00:00:00,PRD028,204.68,4,CUS0117,,ST001,PO0033,,
2024-12-31 00:00:00,PRD029,186.49,6,CUS0108,,ST004,PO0114,,
2024-12-31 00:00:00,PRD014,66.8,2,CUS0084,,ST005,PO0084,,
2024-12-31 00:00:00,PRD028,204.68,2,CUS0152,,ST002,PO0116,,
2024-12-31 00:00:00,PRD006,114.15,6,CUS0176,,ST003,PO0118,,
